<?xml version="1.0" encoding="UTF-8"?>
<beans xmlns="http://www.springframework.org/schema/beans"
       xmlns:xsi="http://www.w3.org/2001/XMLSchema-instance" xmlns:p="http://www.springframework.org/schema/p"
       xsi:schemaLocation="http://www.springframework.org/schema/beans http://www.springframework.org/schema/beans/spring-beans-3.1.xsd">

    <bean name="timeZone" class="java.util.TimeZone" factory-method="getDefault"/>

    <bean id="customObjectMapper" class="org.springframework.http.converter.json.Jackson2ObjectMapperFactoryBean">
        <property name="serializationInclusion" value="NON_NULL"/>
        <property name="failOnEmptyBeans" value="false"/>
        <property name="indentOutput" value="false"/>
        <property name="timeZone" ref="timeZone"/>

        <property name="modulesToInstall"
                  value="com.fasterxml.jackson.datatype.jsr310.JavaTimeModule"/>

        <property name="serializersByType">
            <map>
                <entry key="java.time.LocalDate">
                    <bean class="br.org.cipbancos.atlante.jackson.JavaLocalDateSerializer"
                          p:pattern="yyyy-MM-dd"/>
                </entry>
                <entry key="java.time.LocalDateTime">
                    <bean class="br.org.cipbancos.atlante.jackson.JavaLocalDateTimeSerializer"
                          p:pattern="yyyy-MM-dd HH:mm:ss"/>
                </entry>
            </map>
        </property>

        <property name="deserializersByType">
            <map>
                <entry key="java.time.LocalDate">
                    <bean class="br.org.cipbancos.atlante.jackson.JavaLocalDateDeserializer"
                          p:pattern="yyyy-MM-dd"/>
                </entry>
                <entry key="java.time.LocalDateTime">
                    <bean class="br.org.cipbancos.atlante.jackson.JavaLocalDateTimeDeserializer"
                          p:pattern="yyyy-MM-dd HH:mm:ss"/>
                </entry>
            </map>
        </property>
    </bean>

</beans>
