<?xml version="1.0" encoding="UTF-8"?>
<beans xmlns="http://www.springframework.org/schema/beans"
       xmlns:xsi="http://www.w3.org/2001/XMLSchema-instance"
       xmlns:context="http://www.springframework.org/schema/context"
       xmlns:p="http://www.springframework.org/schema/p"
       xsi:schemaLocation="http://www.springframework.org/schema/beans http://www.springframework.org/schema/beans/spring-beans-3.2.xsd

       http://www.springframework.org/schema/context http://www.springframework.org/schema/context/spring-context.xsd">

    <!-- ========================================================================================================== -->
    <!-- Configurações de integração Atlante/R2C3                                                                   -->
    <!-- ========================================================================================================== -->

    <context:annotation-config/>
    <context:component-scan base-package="br.org.cipbancos.rrc.oauth"/>

    <bean name="aggregatedRecordsInfoARRC001" class="br.org.cipbancos.atlante.config.AggregatedRecordsInfo">
        <property name="recordsPerAggregation" value="50"/>
        <property name="aggregationsPerJob" value="1"/>
    </bean>

    <bean name="aggregatedRecordsInfoARRC002" class="br.org.cipbancos.atlante.config.AggregatedRecordsInfo">
        <property name="recordsPerAggregation" value="50"/>
        <property name="aggregationsPerJob" value="1"/>
    </bean>

    <bean name="aggregatedRecordsInfoARRC008" class="br.org.cipbancos.atlante.config.AggregatedRecordsInfo">
        <property name="recordsPerAggregation" value="50"/>
        <property name="aggregationsPerJob" value="1"/>
    </bean>

    <bean name="aggregatedRecordsInfoARRC009" class="br.org.cipbancos.atlante.config.AggregatedRecordsInfo">
        <property name="recordsPerAggregation" value="50"/>
        <property name="aggregationsPerJob" value="1"/>
    </bean>

    <bean name="aggregatedRecordsInfoRRC0019" class="br.org.cipbancos.atlante.config.AggregatedRecordsInfo">
        <property name="recordsPerAggregation" value="1"/>
        <property name="aggregationsPerJob" value="1"/>
    </bean>

    <bean name="aggregatedRecordsInfoARRC020" class="br.org.cipbancos.atlante.config.AggregatedRecordsInfo">
        <property name="recordsPerAggregation" value="50"/>
        <property name="aggregationsPerJob" value="1"/>
    </bean>

    <bean name="aggregatedRecordsInfoARRC021" class="br.org.cipbancos.atlante.config.AggregatedRecordsInfo">
        <property name="recordsPerAggregation" value="50"/>
        <property name="aggregationsPerJob" value="1"/>
    </bean>

    <bean name="aggregatedRecordsInfoARRC022" class="br.org.cipbancos.atlante.config.AggregatedRecordsInfo">
        <property name="recordsPerAggregation" value="1"/>
        <property name="aggregationsPerJob" value="1"/>
    </bean>

    <bean name="aggregatedRecordsInfoARRC030" class="br.org.cipbancos.atlante.config.AggregatedRecordsInfo">
        <property name="recordsPerAggregation" value="200"/>
        <property name="aggregationsPerJob" value="1"/>
    </bean>

    <!-- ============================================================================================== -->
    <!-- LateBatch                                                                                       -->
    <!-- ============================================================================================== -->
    <bean name="defaultLateBatchInterop" class="br.org.cipbancos.atlante.config.LateBatchInfo"/>

    <bean name="defaultLateBatchDestinoOptIn" class="br.org.cipbancos.atlante.config.LateBatchInfo"/>

    <bean name="defaultEstabelecimentoLateBatch" class="br.org.cipbancos.atlante.config.LateBatchInfo"/>

    <bean name="defaultLateBatchDestinoRecalculo" class="br.org.cipbancos.atlante.config.LateBatchInfo"/>

    <bean name="lateBatchDestinoOptIn" class="br.org.cipbancos.atlante.config.InputDataTypeDescriptor">
        <property name="lateBatchInfo">
            <bean class="br.org.cipbancos.atlante.config.LateBatchInfo" parent="defaultLateBatchDestinoOptIn">
                <property name="dataTypeId" value="DestinoOptInLate"/>
            </bean>
        </property>
    </bean>
    <bean name="lateBatchEstabelecimentoLateBatch" class="br.org.cipbancos.atlante.config.InputDataTypeDescriptor">
        <property name="lateBatchInfo">
            <bean class="br.org.cipbancos.atlante.config.LateBatchInfo" parent="defaultEstabelecimentoLateBatch">
                <property name="dataTypeId" value="EstabelecimentoLateBatch"/>
            </bean>
        </property>
    </bean>

    <bean name="lateBatchEnviaNotificacaoAnuencia" class="br.org.cipbancos.atlante.config.InputDataTypeDescriptor">
        <property name="lateBatchInfo">
            <bean class="br.org.cipbancos.atlante.config.LateBatchInfo" parent="defaultLateBatchInterop">
                <property name="dataTypeId" value="EnviaNotificacaoAnuenciaLate"/>
            </bean>
        </property>
    </bean>

    <bean name="lateBatchEnviaNotificacaoCancelamentoAnuencia" class="br.org.cipbancos.atlante.config.InputDataTypeDescriptor">
        <property name="lateBatchInfo">
            <bean class="br.org.cipbancos.atlante.config.LateBatchInfo" parent="defaultLateBatchInterop">
                <property name="dataTypeId" value="EnviaNotificacaoCancelamentoAnuenciaLate"/>
            </bean>
        </property>
    </bean>

    <bean name="lateBatchInteropSchedulerBatchDelay" class="br.org.cipbancos.atlante.config.InputDataTypeDescriptor">
        <property name="lateBatchInfo">
            <bean class="br.org.cipbancos.atlante.config.LateBatchInfo" parent="defaultLateBatchInterop">
                <property name="dataTypeId" value="InteropSchedulerBatchDelay"/>
            </bean>
        </property>
    </bean>

    <bean name="lateBatchDestinoRecalculo" class="br.org.cipbancos.atlante.config.InputDataTypeDescriptor">
        <property name="lateBatchInfo">
            <bean class="br.org.cipbancos.atlante.config.LateBatchInfo" parent="defaultLateBatchDestinoRecalculo">
                <property name="dataTypeId" value="DestinoRecalculoLate"/>
            </bean>
        </property>
    </bean>

    <!--
      | ApplicationConfig - Configuração da aplicação responsavel pelo processamento de cada tipCli de mensagem.
      |
      | batchListener - Listener para eventos de Batches.
      | dataTypeList - Mapeamento dos tipos de dados e handlers da aplicação.
      | dependenciesPath - Diretório onde estão os jars de dependências da aplicação.
      | inputListener - Listener para eventos de Inputs.
      | outputListener - Listener para eventos de Outputs.
      | schemaDir - Diretório onde estão os arquivos de XSD usados pela aplicação.
      | schemaPath - Máscara para a localização dos arquivos de XSD usados pela aplicação.
      | templatePath - Máscara para a localização dos arquivos com os templates de geração de XML.
    -->
    <bean id="applicationConfig" class="br.org.cipbancos.atlante.config.ApplicationConfig"
          p:dependenciesPath="file:${atlante.application.home}/classpath/"
          p:inputListener="inputListenerImpl"
          p:batchListener="batchListenerImpl"
          p:outputListener="outputListenerImpl"
          p:schemaDir="file:${atlante.application.home}/xsd/"
          p:schemaPath="file:${atlante.application.home}/xsd/*.xsd"
          p:templatePath="file:${atlante.application.home}/template/*.stg">

        <property name="dataTypeList">
            <list>

                <!-- ============================================================================================== -->
                <!-- Estimulos de varredura                                                                         -->
                <!-- ============================================================================================== -->
                <bean class="br.org.cipbancos.atlante.config.InputDataTypeDescriptor">
                    <property name="id" value="V_ENTRGOP"/>
                    <property name="handler" value="entregaOperacaoRecalculadaHandler"/>
                    <property name="channelType" value="MESSAGE"/>
                    <property name="stimulusType" value="REQ"/>
                    <property name="format" value="XML"/>
                </bean>
                <bean class="br.org.cipbancos.atlante.config.InternalDataTypeDescriptor">
                    <property name="id" value="ENTRGOPSUB"/>
                    <property name="handler" value="entregaOperacaoRecalculadaSubHandler"/>
                </bean>

                <bean class="br.org.cipbancos.atlante.config.InputDataTypeDescriptor">
                    <property name="id" value="V_CTZANUE"/>
                    <property name="handler" value="CentralizadoraCacheAnuenciaHandler"/>
                    <property name="channelType" value="MESSAGE"/>
                    <property name="stimulusType" value="REQ"/>
                    <property name="format" value="XML"/>
                </bean>

                <bean class="br.org.cipbancos.atlante.config.InputDataTypeDescriptor">
                    <property name="id" value="V_MNTOPTO"/>
                    <property name="handler" value="VarreduraOptOutHandler"/>
                    <property name="channelType" value="MESSAGE"/>
                    <property name="stimulusType" value="REQ"/>
                    <property name="format" value="XML"/>
                </bean>

                <bean class="br.org.cipbancos.atlante.config.InputDataTypeDescriptor">
                    <property name="id" value="V_CTZOPTO"/>
                    <property name="handler" value="CentralizadaCacheOptOutHandler"/>
                    <property name="channelType" value="MESSAGE"/>
                    <property name="stimulusType" value="REQ"/>
                    <property name="format" value="XML"/>
                </bean>

                <bean class="br.org.cipbancos.atlante.config.InputDataTypeDescriptor">
                    <property name="id" value="V_CTZARRN"/>
                    <property name="handler" value="CentralizadoraCacheArranjoPagamentoHandler"/>
                    <property name="channelType" value="MESSAGE"/>
                    <property name="stimulusType" value="REQ"/>
                    <property name="format" value="XML"/>
                </bean>

                <bean class="br.org.cipbancos.atlante.config.InputDataTypeDescriptor">
                    <property name="id" value="V_CTZCRDD"/>
                    <property name="handler" value="CentralizadoraCacheCredenciadoraHandler"/>
                    <property name="channelType" value="MESSAGE"/>
                    <property name="stimulusType" value="REQ"/>
                    <property name="format" value="XML"/>
                </bean>

                <bean class="br.org.cipbancos.atlante.config.InputDataTypeDescriptor">
                    <property name="id" value="V_CTZCRDR"/>
                    <property name="handler" value="CentralizadoraCacheCredorHandler"/>
                    <property name="channelType" value="MESSAGE"/>
                    <property name="stimulusType" value="REQ"/>
                    <property name="format" value="XML"/>
                </bean>

                <bean class="br.org.cipbancos.atlante.config.InputDataTypeDescriptor">
                    <property name="id" value="V_MNTCRED"/>
                    <property name="handler" value="ManutencaoCredenciadoraCtzHandler"/>
                    <property name="channelType" value="MESSAGE"/>
                    <property name="stimulusType" value="REQ"/>
                    <property name="format" value="XML"/>
                </bean>

                <bean class="br.org.cipbancos.atlante.config.InputDataTypeDescriptor">
                    <property name="id" value="V_MNTIFNC"/>
                    <property name="handler" value="ManutencaoCredorCtzHandler"/>
                    <property name="channelType" value="MESSAGE"/>
                    <property name="stimulusType" value="REQ"/>
                    <property name="format" value="XML"/>
                </bean>

                <bean class="br.org.cipbancos.atlante.config.InputDataTypeDescriptor">
                    <property name="id" value="V_CTZMAPA"/>
                    <property name="handler" value="CentralizadoraCacheMapaServicoHandler"/>
                    <property name="channelType" value="MESSAGE"/>
                    <property name="stimulusType" value="REQ"/>
                    <property name="format" value="XML"/>
                </bean>

                <bean class="br.org.cipbancos.atlante.config.InputDataTypeDescriptor">
                    <property name="id" value="V_CTZPSLC"/>
                    <property name="handler" value="CentralizadoraCacheParticipanteSlcHandler"/>
                    <property name="channelType" value="MESSAGE"/>
                    <property name="stimulusType" value="REQ"/>
                    <property name="format" value="XML"/>
                </bean>

                <bean class="br.org.cipbancos.atlante.config.InputDataTypeDescriptor">
                    <property name="id" value="V_CTZESTC"/>
                    <property name="handler" value="CentralizadoraAtualizaCacheECsHandler"/>
                    <property name="channelType" value="MESSAGE"/>
                    <property name="stimulusType" value="REQ"/>
                    <property name="format" value="XML"/>
                </bean>
                <bean class="br.org.cipbancos.atlante.config.InternalDataTypeDescriptor">
                    <property name="id" value="CentralizadoraAtualizaCacheECsSubHandler"/>
                    <property name="handler" value="CentralizadoraAtualizaCacheECsSubHandler"/>
                </bean>

                <bean class="br.org.cipbancos.atlante.config.InputDataTypeDescriptor">
                    <property name="id" value="V_CTZECIC"/>
                    <property name="handler" value="centralizadoraEstabelecimentoCredenciadoraHandler"/>
                    <property name="channelType" value="MESSAGE"/>
                    <property name="stimulusType" value="REQ"/>
                    <property name="format" value="XML"/>
                </bean>
                <bean class="br.org.cipbancos.atlante.config.InternalDataTypeDescriptor">
                    <property name="id" value="centralizadoraEstabelecimentoCredenciadoraSubHandler"/>
                    <property name="handler" value="centralizadoraEstabelecimentoCredenciadoraSubHandler"/>
                </bean>

                <bean class="br.org.cipbancos.atlante.config.InputDataTypeDescriptor">
                    <property name="id" value="V_CTZMNEI"/>
                    <property name="handler" value="centralizadoraCacheEcIcHandler"/>
                    <property name="channelType" value="MESSAGE"/>
                    <property name="stimulusType" value="REQ"/>
                    <property name="format" value="XML"/>
                </bean>

                <bean class="br.org.cipbancos.atlante.config.InputDataTypeDescriptor">
                    <property name="id" value="V_CTZICAR"/>
                    <property name="handler" value="centralizadoraCacheIcArrHandler"/>
                    <property name="channelType" value="MESSAGE"/>
                    <property name="stimulusType" value="REQ"/>
                    <property name="format" value="XML"/>
                </bean>

                <bean class="br.org.cipbancos.atlante.config.InputDataTypeDescriptor">
                    <property name="id" value="V_CTZOPIN"/>
                    <property name="handler" value="CentralizadoraAtualizaOptLocalHandler"/>
                    <property name="channelType" value="MESSAGE"/>
                    <property name="stimulusType" value="REQ"/>
                    <property name="format" value="XML"/>
                </bean>
                <bean class="br.org.cipbancos.atlante.config.InputDataTypeDescriptor">
                    <property name="id" value="V_OPTOUTM"/>
                    <property name="handler" value="optOutAutomaticoHandler"/>
                    <property name="channelType" value="MESSAGE"/>
                    <property name="stimulusType" value="REQ"/>
                    <property name="format" value="XML"/>
                </bean>
                <bean class="br.org.cipbancos.atlante.config.InternalDataTypeDescriptor">
                    <property name="id" value="OPTOUTMSUB"/>
                    <property name="handler" value="optOutAutomaticoSubHandler"/>
                </bean>
                <bean class="br.org.cipbancos.atlante.config.InputDataTypeDescriptor">
                    <property name="id" value="V_UPDOPIN"/>
                    <property name="handler" value="IdentificaDesatualizadosOptLocalHandler"/>
                    <property name="channelType" value="MESSAGE"/>
                    <property name="stimulusType" value="REQ"/>
                    <property name="format" value="XML"/>
                </bean>

                <bean class="br.org.cipbancos.atlante.config.InputDataTypeDescriptor">
                    <property name="id" value="V_NTFPTCT"/>
                    <property name="handler" value="NotificaParticipantesOptAberturaGradeHandler"/>
                    <property name="channelType" value="MESSAGE"/>
                    <property name="stimulusType" value="REQ"/>
                    <property name="format" value="XML"/>
                </bean>

                <bean class="br.org.cipbancos.atlante.config.InternalDataTypeDescriptor">
                    <property name="id" value="EstabelecimentoLateBatch"/>
                    <property name="handler" value="estabelecimentoLateBatchHandler"/>
                    <property name="aggregateJobs" value="0"/>
                </bean>

                <bean class="br.org.cipbancos.atlante.config.InternalDataTypeDescriptor">
                    <property name="id" value="DestinoOptInLate"/>
                    <property name="handler" value="DestinoOptInLateBatch"/>
                    <property name="aggregateJobs" value="0"/>
                </bean>

                <!-- OptIn Arranjo Genérico -->
                <bean class="br.org.cipbancos.atlante.config.InputDataTypeDescriptor">
                    <property name="id" value="V_ARRJGEN"/>
                    <property name="handler" value="arranjoGenericoHandler"/>
                    <property name="channelType" value="MESSAGE"/>
                    <property name="stimulusType" value="REQ"/>
                    <property name="format" value="XML"/>
                </bean>

                <bean class="br.org.cipbancos.atlante.config.InputDataTypeDescriptor">
                    <property name="id" value="V_ACONSTI"/>
                    <property name="handler" value="InteropEnvioAConstituirHandler"/>
                    <property name="channelType" value="MESSAGE"/>
                    <property name="stimulusType" value="REQ"/>
                    <property name="format" value="XML"/>
                </bean>
                <bean class="br.org.cipbancos.atlante.config.InternalDataTypeDescriptor">
                    <property name="id" value="ACONSTISUB"/>
                    <property name="handler" value="InteropEnvioAConstituirSubHandler"/>
                </bean>

                <bean class="br.org.cipbancos.atlante.config.InputDataTypeDescriptor">
                    <property name="id" value="V_PRERCL1"/>
                    <property name="handler" value="recalculoFechamentoAgendaHandler"/>
                    <property name="channelType" value="MESSAGE"/>
                    <property name="stimulusType" value="REQ"/>
                    <property name="format" value="XML"/>
                </bean>
                <bean class="br.org.cipbancos.atlante.config.InputDataTypeDescriptor">
                    <property name="id" value="V_PRERCL2"/>
                    <property name="handler" value="recalculoFechamentoAgendaHandler"/>
                    <property name="channelType" value="MESSAGE"/>
                    <property name="stimulusType" value="REQ"/>
                    <property name="format" value="XML"/>
                </bean>
                <bean class="br.org.cipbancos.atlante.config.InputDataTypeDescriptor">
                    <property name="id" value="PRERCLSUB1"/>
                    <property name="handler" value="recalculoFechamentoAgendaSubHandler"/>
                    <property name="channelType" value="MESSAGE"/>
                    <property name="stimulusType" value="REQ"/>
                    <property name="format" value="XML"/>
                </bean>
                <bean class="br.org.cipbancos.atlante.config.InputDataTypeDescriptor">
                    <property name="id" value="PRERCLSUB2"/>
                    <property name="handler" value="recalculoFechamentoAgendaSubHandler"/>
                    <property name="channelType" value="MESSAGE"/>
                    <property name="stimulusType" value="REQ"/>
                    <property name="format" value="XML"/>
                </bean>

                <!-- ============================================================================================== -->
                <!-- Arquivos                                                                                       -->
                <!-- ============================================================================================== -->

                <!-- ARRC001 -->
                <bean class="br.org.cipbancos.atlante.config.InputDataTypeDescriptor" parent="lateBatchDestinoOptIn">
                    <property name="id" value="ARRC001"/>
                    <property name="handler" value="ARRC001Handler"/>
                    <property name="aggregatedRecordsInfo" ref="aggregatedRecordsInfoARRC001"/>
                    <property name="channelType" value="FILE"/>
                    <property name="stimulusType" value="REQ"/>
                </bean>
                <bean class="br.org.cipbancos.atlante.config.OutputDataTypeDescriptor">
                    <property name="id" value="ARRC001ERR"/>
                    <property name="namespace" value="http://www.cip-bancos.org.br/ARQ/ARRC001ERR.xsd"/>
                    <property name="format" value="XML"/>
                </bean>
                <bean class="br.org.cipbancos.atlante.config.OutputDataTypeDescriptor">
                    <property name="id" value="ARRC001PRO"/>
                    <property name="namespace" value="http://www.cip-bancos.org.br/ARQ/ARRC001PRO.xsd"/>
                    <property name="format" value="XML"/>
                </bean>
                <bean class="br.org.cipbancos.atlante.config.OutputDataTypeDescriptor">
                    <property name="id" value="ARRC001RET"/>
                    <property name="namespace" value="http://www.cip-bancos.org.br/ARQ/ARRC001.xsd"/>
                    <property name="format" value="XML"/>
                </bean>
                <bean class="br.org.cipbancos.atlante.config.InternalDataTypeDescriptor">
                    <property name="id" value="EstabelecimentoLateBatch"/>
                    <property name="handler" value="estabelecimentoLateBatchHandler"/>
                </bean>
                <bean class="br.org.cipbancos.atlante.config.InternalDataTypeDescriptor">
                    <property name="id" value="DestinoOptInLate"/>
                    <property name="handler" value="DestinoOptInLateBatch"/>
                </bean>
                <bean class="br.org.cipbancos.atlante.config.InternalDataTypeDescriptor">
                    <property name="id" value="DestinoRecalculoLate"/>
                    <property name="handler" value="destinoRecalculoLateBatch"/>
                </bean>

                <!-- ARRC002 -->
                <bean class="br.org.cipbancos.atlante.config.InputDataTypeDescriptor">
                    <property name="id" value="ARRC002"/>
                    <property name="handler" value="ARRC002Handler"/>
                    <property name="aggregatedRecordsInfo" ref="aggregatedRecordsInfoARRC002"/>
                    <property name="channelType" value="FILE"/>
                    <property name="stimulusType" value="REQ"/>
                </bean>
                <bean class="br.org.cipbancos.atlante.config.OutputDataTypeDescriptor">
                    <property name="id" value="ARRC002ERR"/>
                    <property name="namespace" value="http://www.cip-bancos.org.br/ARQ/ARRC002ERR.xsd"/>
                </bean>
                <bean class="br.org.cipbancos.atlante.config.OutputDataTypeDescriptor">
                    <property name="id" value="ARRC002PRO"/>
                    <property name="namespace" value="http://www.cip-bancos.org.br/ARQ/ARRC002PRO.xsd"/>
                </bean>
                <bean class="br.org.cipbancos.atlante.config.OutputDataTypeDescriptor">
                    <property name="id" value="ARRC002RET"/>
                    <property name="namespace" value="http://www.cip-bancos.org.br/ARQ/ARRC002.xsd"/>
                </bean>

                <!-- RRC0003 -->
                <bean class="br.org.cipbancos.atlante.config.OutputDataTypeDescriptor">
                    <property name="id" value="RRC0003"/>
                    <property name="namespace" value="http://www.cip-bancos.org.br/MES/RRC0003.xsd"/>
                    <property name="format" value="XML"/>
                </bean>

                <!--RRC0004 -->
                <bean class="br.org.cipbancos.atlante.config.OutputDataTypeDescriptor">
                    <property name="id" value="RRC0004"/>
                    <property name="namespace" value="http://www.cip-bancos.org.br/MES/RRC0004.xsd"/>
                    <property name="format" value="XML"/>
                </bean>

                <!-- RRC0005 -->
                <bean class="br.org.cipbancos.atlante.config.InputDataTypeDescriptor" parent="lateBatchInteropSchedulerBatchDelay">
                    <property name="id" value="RRC0005"/>
                    <property name="handler" value="rrc0005Handler"/>
                    <property name="channelType" value="MESSAGE"/>
                    <property name="stimulusType" value="REQ"/>
                    <property name="format" value="XML"/>
                </bean>
                <bean class="br.org.cipbancos.atlante.config.InputDataTypeDescriptor" parent="lateBatchInteropSchedulerBatchDelay">
                    <property name="id" value="RRC0005_DELAY"/>
                    <property name="handler" value="rrc0005Handler"/>
                    <property name="channelType" value="MESSAGE"/>
                    <property name="stimulusType" value="REQ"/>
                    <property name="format" value="XML"/>
                </bean>
                <bean class="br.org.cipbancos.atlante.config.InputDataTypeDescriptor" parent="lateBatchInteropSchedulerBatchDelay">
                    <property name="id" value="RRC0005_INTEROP_1"/>
                    <property name="handler" value="rrc0005Handler"/>
                    <property name="channelType" value="MESSAGE"/>
                    <property name="stimulusType" value="REQ"/>
                    <property name="format" value="XML"/>
                </bean>
                <bean class="br.org.cipbancos.atlante.config.InputDataTypeDescriptor" parent="lateBatchInteropSchedulerBatchDelay">
                    <property name="id" value="RRC0005_INTEROP_2"/>
                    <property name="handler" value="rrc0005Handler"/>
                    <property name="channelType" value="MESSAGE"/>
                    <property name="stimulusType" value="REQ"/>
                    <property name="format" value="XML"/>
                </bean>
                <bean class="br.org.cipbancos.atlante.config.InternalDataTypeDescriptor">
                    <property name="id" value="RRC0005SubRecalculo"/>
                    <property name="handler" value="rrc0005SubRecalculoHandler"/>
                </bean>
                <bean class="br.org.cipbancos.atlante.config.OutputDataTypeDescriptor">
                    <property name="id" value="RRC0005R1"/>
                    <property name="namespace" value="http://www.cip-bancos.org.br/MES/RRC0005.xsd"/>
                    <property name="format" value="XML"/>
                </bean>
                <bean class="br.org.cipbancos.atlante.config.OutputDataTypeDescriptor">
                    <property name="id" value="RRC0005E"/>
                    <property name="namespace" value="http://www.cip-bancos.org.br/MES/RRC0005E.xsd"/>
                    <property name="format" value="XML"/>
                </bean>

                <!-- RRC0006 -->
                <bean class="br.org.cipbancos.atlante.config.InputDataTypeDescriptor">
                    <property name="id" value="RRC0006"/>
                    <property name="handler" value="rrc0006Handler"/>
                    <property name="channelType" value="MESSAGE"/>
                    <property name="stimulusType" value="REQ"/>
                    <property name="format" value="XML"/>
                </bean>
                <bean class="br.org.cipbancos.atlante.config.OutputDataTypeDescriptor">
                    <property name="id" value="RRC0006R1"/>
                    <property name="namespace" value="http://www.cip-bancos.org.br/MES/RRC0006.xsd"/>
                    <property name="format" value="XML"/>
                </bean>
                <bean class="br.org.cipbancos.atlante.config.OutputDataTypeDescriptor">
                    <property name="id" value="RRC0006E"/>
                    <property name="namespace" value="http://www.cip-bancos.org.br/MES/RRC0006E.xsd"/>
                    <property name="format" value="XML"/>
                </bean>

                <!-- ARRC007 -->
                <bean class="br.org.cipbancos.atlante.config.InputDataTypeDescriptor">
                    <property name="id" value="V_ARRC007"/>
                    <property name="handler" value="arrc007Handler"/>
                    <property name="channelType" value="MESSAGE"/>
                    <property name="stimulusType" value="REQ"/>
                    <property name="format" value="XML"/>
                </bean>
                <bean class="br.org.cipbancos.atlante.config.InternalDataTypeDescriptor">
                    <property name="id" value="ARRC007SUB"/>
                    <property name="handler" value="arrc007SubHandler"/>
                </bean>
                <bean class="br.org.cipbancos.atlante.config.OutputDataTypeDescriptor">
                    <property name="id" value="ARRC007"/>
                    <property name="namespace" value="http://www.cip-bancos.org.br/ARQ/ARRC007.xsd"/>
                    <property name="format" value="XML"/>
                </bean>

                <!-- RRC0008 -->
                <bean class="br.org.cipbancos.atlante.config.InputDataTypeDescriptor" parent="lateBatchInteropSchedulerBatchDelay">
                    <property name="id" value="RRC0008"/>
                    <property name="handler" value="rrc0008Handler"/>
                    <property name="channelType" value="MESSAGE"/>
                    <property name="stimulusType" value="REQ"/>
                    <property name="format" value="XML"/>
                </bean>
                <bean class="br.org.cipbancos.atlante.config.OutputDataTypeDescriptor">
                    <property name="id" value="RRC0008R1"/>
                    <property name="namespace" value="http://www.cip-bancos.org.br/MES/RRC0008.xsd"/>
                    <property name="format" value="XML"/>
                </bean>
                <bean class="br.org.cipbancos.atlante.config.OutputDataTypeDescriptor">
                    <property name="id" value="RRC0008E"/>
                    <property name="namespace" value="http://www.cip-bancos.org.br/MES/RRC0008E.xsd"/>
                    <property name="format" value="XML"/>
                </bean>

                <!-- RR0C010 -->
                <bean class="br.org.cipbancos.atlante.config.InputDataTypeDescriptor" parent="lateBatchInteropSchedulerBatchDelay">
                    <property name="id" value="RRC0010"/>
                    <property name="handler" value="rrc0010Handler"/>
                    <property name="channelType" value="MESSAGE"/>
                    <property name="stimulusType" value="REQ"/>
                    <property name="format" value="XML"/>
                </bean>
                <bean class="br.org.cipbancos.atlante.config.InternalDataTypeDescriptor">
                    <property name="id" value="RRC0010SubAgendas"/>
                    <property name="handler" value="rrc0010SubAgendasHandler"/>
                </bean>
                <bean class="br.org.cipbancos.atlante.config.InputDataTypeDescriptor" parent="lateBatchInteropSchedulerBatchDelay">
                    <property name="id" value="RRC0010_COMPLETO"/>
                    <property name="handler" value="rrc0010Handler"/>
                    <property name="channelType" value="MESSAGE"/>
                    <property name="stimulusType" value="REQ"/>
                    <property name="format" value="XML"/>
                </bean>
                <bean class="br.org.cipbancos.atlante.config.OutputDataTypeDescriptor">
                    <property name="id" value="RRC0010R1"/>
                    <property name="namespace" value="http://www.cip-bancos.org.br/MES/RRC0010.xsd"/>
                    <property name="format" value="XML"/>
                </bean>
                <bean class="br.org.cipbancos.atlante.config.OutputDataTypeDescriptor">
                    <property name="id" value="RRC0010E"/>
                    <property name="namespace" value="http://www.cip-bancos.org.br/MES/RRC0010E.xsd"/>
                    <property name="format" value="XML"/>
                </bean>

                <!-- RRC0011 -->
                <bean class="br.org.cipbancos.atlante.config.InputDataTypeDescriptor" parent="lateBatchInteropSchedulerBatchDelay">
                    <property name="id" value="RRC0011"/>
                    <property name="handler" value="rrc0011Handler"/>
                    <property name="channelType" value="MESSAGE"/>
                    <property name="stimulusType" value="REQ"/>
                    <property name="format" value="XML"/>
                </bean>
                <bean class="br.org.cipbancos.atlante.config.OutputDataTypeDescriptor">
                    <property name="id" value="RRC0011R1"/>
                    <property name="namespace" value="http://www.cip-bancos.org.br/MES/RRC0011.xsd"/>
                    <property name="format" value="XML"/>
                </bean>
                <bean class="br.org.cipbancos.atlante.config.OutputDataTypeDescriptor">
                    <property name="id" value="RRC0011E"/>
                    <property name="namespace" value="http://www.cip-bancos.org.br/MES/RRC0011E.xsd"/>
                    <property name="format" value="XML"/>
                </bean>

                <!-- RRC0012 -->
                <bean class="br.org.cipbancos.atlante.config.InputDataTypeDescriptor">
                    <property name="id" value="RRC0012"/>
                    <property name="handler" value="rrc0012Handler"/>
                    <property name="channelType" value="MESSAGE"/>
                    <property name="stimulusType" value="REQ"/>
                    <property name="format" value="XML"/>
                </bean>
                <bean class="br.org.cipbancos.atlante.config.OutputDataTypeDescriptor">
                    <property name="id" value="RRC0012R1"/>
                    <property name="namespace" value="http://www.cip-bancos.org.br/MES/RRC0012.xsd"/>
                    <property name="format" value="XML"/>
                </bean>
                <bean class="br.org.cipbancos.atlante.config.OutputDataTypeDescriptor">
                    <property name="id" value="RRC0012E"/>
                    <property name="namespace" value="http://www.cip-bancos.org.br/MES/RRC0012E.xsd"/>
                    <property name="format" value="XML"/>
                </bean>

                <!-- RRC0013 -->
                <bean class="br.org.cipbancos.atlante.config.InputDataTypeDescriptor">
                    <property name="id" value="RRC0013"/>
                    <property name="handler" value="rrc0013Handler"/>
                    <property name="channelType" value="MESSAGE"/>
                    <property name="stimulusType" value="REQ"/>
                    <property name="format" value="XML"/>
                </bean>
                <bean class="br.org.cipbancos.atlante.config.OutputDataTypeDescriptor">
                    <property name="id" value="RRC0013R1"/>
                    <property name="namespace" value="http://www.cip-bancos.org.br/MES/RRC0013.xsd"/>
                    <property name="format" value="XML"/>
                </bean>
                <bean class="br.org.cipbancos.atlante.config.OutputDataTypeDescriptor">
                    <property name="id" value="RRC0013E"/>
                    <property name="namespace" value="http://www.cip-bancos.org.br/MES/RRC0013E.xsd"/>
                    <property name="format" value="XML"/>
                </bean>
                <bean class="br.org.cipbancos.atlante.config.InternalDataTypeDescriptor">
                    <property name="id" value="EnviaNotificacaoCancelamentoAnuenciaLate"/>
                    <property name="handler" value="EnviaNotificacaoCancelamentoAnuenciaLateBatch"/>
                </bean>

                <!-- RRC0014 -->
                <bean class="br.org.cipbancos.atlante.config.OutputDataTypeDescriptor">
                    <property name="id" value="RRC0014"/>
                    <property name="namespace" value="http://www.cip-bancos.org.br/MES/RRC0014.xsd"/>
                    <property name="format" value="XML"/>
                </bean>

                <!-- RRC0015 -->
                <bean class="br.org.cipbancos.atlante.config.InputDataTypeDescriptor">
                    <property name="id" value="V_RRC0015"/>
                    <property name="handler" value="rrc0015Handler"/>
                    <property name="channelType" value="MESSAGE"/>
                    <property name="stimulusType" value="REQ"/>
                    <property name="format" value="XML"/>
                </bean>
                <bean class="br.org.cipbancos.atlante.config.InternalDataTypeDescriptor">
                    <property name="id" value="RRC0015SUB"/>
                    <property name="handler" value="rrc0015SubHandler"/>
                </bean>
                <bean class="br.org.cipbancos.atlante.config.OutputDataTypeDescriptor">
                    <property name="id" value="RRC0015"/>
                    <property name="namespace" value="http://www.cip-bancos.org.br/MES/RRC0015.xsd"/>
                    <property name="format" value="XML"/>
                </bean>

                <!-- RRC0016 -->
                <bean class="br.org.cipbancos.atlante.config.InputDataTypeDescriptor">
                    <property name="id" value="V_RRC0016"/>
                    <property name="handler" value="rrc0016Handler"/>
                    <property name="channelType" value="MESSAGE"/>
                    <property name="stimulusType" value="REQ"/>
                    <property name="format" value="XML"/>
                </bean>
                <bean class="br.org.cipbancos.atlante.config.InternalDataTypeDescriptor">
                    <property name="id" value="RRC0016SUB"/>
                    <property name="handler" value="rrc0016SubHandler"/>
                </bean>
                <bean class="br.org.cipbancos.atlante.config.OutputDataTypeDescriptor">
                    <property name="id" value="RRC0016"/>
                    <property name="namespace" value="http://www.cip-bancos.org.br/MES/RRC0016.xsd"/>
                    <property name="format" value="XML"/>
                </bean>

                <!-- ARRC017 -->
                <bean class="br.org.cipbancos.atlante.config.InputDataTypeDescriptor">
                    <property name="id" value="V_ARRC017"/>
                    <property name="handler" value="arrc017Handler"/>
                    <property name="channelType" value="MESSAGE"/>
                    <property name="stimulusType" value="REQ"/>
                    <property name="format" value="XML"/>
                </bean>
                <bean class="br.org.cipbancos.atlante.config.OutputDataTypeDescriptor">
                    <property name="id" value="ARRC017"/>
                    <property name="namespace" value="http://www.cip-bancos.org.br/ARQ/ARRC017.xsd"/>
                    <property name="format" value="XML"/>
                </bean>

                <!-- ARRC018 -->
                <bean class="br.org.cipbancos.atlante.config.InputDataTypeDescriptor">
                    <property name="id" value="V_ARRC018"/>
                    <property name="handler" value="arrc018Handler"/>
                    <property name="channelType" value="MESSAGE"/>
                    <property name="stimulusType" value="REQ"/>
                    <property name="format" value="XML"/>
                </bean>
                <bean class="br.org.cipbancos.atlante.config.InternalDataTypeDescriptor">
                    <property name="id" value="ARRC018SUB"/>
                    <property name="handler" value="arrc018SubHandler"/>
                </bean>
                <bean class="br.org.cipbancos.atlante.config.InternalDataTypeDescriptor">
                    <property name="id" value="ARRC018SUBENVIAR"/>
                    <property name="handler" value="arrc018SubEnviarHandler"/>
                </bean>
                <bean class="br.org.cipbancos.atlante.config.OutputDataTypeDescriptor">
                    <property name="id" value="ARRC018"/>
                    <property name="namespace" value="http://www.cip-bancos.org.br/ARQ/ARRC018.xsd"/>
                    <property name="format" value="XML"/>
                </bean>

                <!-- RRC0019 -->
                <bean class="br.org.cipbancos.atlante.config.InputDataTypeDescriptor" parent="lateBatchInteropSchedulerBatchDelay">
                    <property name="id" value="RRC0019"/>
                    <property name="handler" value="rrc0019Handler"/>
                    <property name="aggregatedRecordsInfo" ref="aggregatedRecordsInfoRRC0019"/>
                    <property name="channelType" value="MESSAGE"/>
                    <property name="stimulusType" value="REQ"/>
                    <property name="format" value="XML"/>
                </bean>
                <bean class="br.org.cipbancos.atlante.config.InputDataTypeDescriptor" parent="lateBatchInteropSchedulerBatchDelay">
                    <property name="id" value="RRC0019_INTEROP_1"/>
                    <property name="handler" value="rrc0019Handler"/>
                    <property name="aggregatedRecordsInfo" ref="aggregatedRecordsInfoRRC0019"/>
                    <property name="channelType" value="MESSAGE"/>
                    <property name="stimulusType" value="REQ"/>
                    <property name="format" value="XML"/>
                </bean>
                <bean class="br.org.cipbancos.atlante.config.InputDataTypeDescriptor" parent="lateBatchInteropSchedulerBatchDelay">
                    <property name="id" value="RRC0019_INTEROP_2"/>
                    <property name="handler" value="rrc0019Handler"/>
                    <property name="aggregatedRecordsInfo" ref="aggregatedRecordsInfoRRC0019"/>
                    <property name="channelType" value="MESSAGE"/>
                    <property name="stimulusType" value="REQ"/>
                    <property name="format" value="XML"/>
                </bean>
                <bean class="br.org.cipbancos.atlante.config.InputDataTypeDescriptor" parent="lateBatchInteropSchedulerBatchDelay">
                    <property name="id" value="RRC0019_DELAY"/>
                    <property name="handler" value="rrc0019Handler"/>
                    <property name="aggregatedRecordsInfo" ref="aggregatedRecordsInfoRRC0019"/>
                    <property name="channelType" value="MESSAGE"/>
                    <property name="stimulusType" value="REQ"/>
                    <property name="format" value="XML"/>
                </bean>
                <bean class="br.org.cipbancos.atlante.config.InputDataTypeDescriptor" parent="lateBatchInteropSchedulerBatchDelay">
                    <property name="id" value="RECALCUSUB"/>
                    <property name="handler" value="recalculoSubHandler"/>
                    <property name="aggregatedRecordsInfo" ref="aggregatedRecordsInfoRRC0019"/>
                    <property name="channelType" value="MESSAGE"/>
                    <property name="stimulusType" value="REQ"/>
                    <property name="format" value="XML"/>
                </bean>

                <bean class="br.org.cipbancos.atlante.config.InputDataTypeDescriptor" parent="lateBatchInteropSchedulerBatchDelay">
                    <property name="id" value="RECALCOP"/>
                    <property name="handler" value="recalculoOpSubHandler"/>
                    <property name="aggregatedRecordsInfo" ref="aggregatedRecordsInfoRRC0019"/>
                    <property name="channelType" value="MESSAGE"/>
                    <property name="stimulusType" value="REQ"/>
                    <property name="format" value="XML"/>
                </bean>
                <bean class="br.org.cipbancos.atlante.config.InputDataTypeDescriptor" parent="lateBatchInteropSchedulerBatchDelay">
                    <property name="id" value="RECALCOP_INTEROP_1"/>
                    <property name="handler" value="recalculoOpSubHandler"/>
                    <property name="aggregatedRecordsInfo" ref="aggregatedRecordsInfoRRC0019"/>
                    <property name="channelType" value="MESSAGE"/>
                    <property name="stimulusType" value="REQ"/>
                    <property name="format" value="XML"/>
                </bean>
                <bean class="br.org.cipbancos.atlante.config.InputDataTypeDescriptor" parent="lateBatchInteropSchedulerBatchDelay">
                    <property name="id" value="RECALCOP_INTEROP_2"/>
                    <property name="handler" value="recalculoOpSubHandler"/>
                    <property name="aggregatedRecordsInfo" ref="aggregatedRecordsInfoRRC0019"/>
                    <property name="channelType" value="MESSAGE"/>
                    <property name="stimulusType" value="REQ"/>
                    <property name="format" value="XML"/>
                </bean>
                <bean class="br.org.cipbancos.atlante.config.InputDataTypeDescriptor" parent="lateBatchInteropSchedulerBatchDelay">
                    <property name="id" value="RECALCOP_DELAY"/>
                    <property name="handler" value="recalculoOpSubHandler"/>
                    <property name="aggregatedRecordsInfo" ref="aggregatedRecordsInfoRRC0019"/>
                    <property name="channelType" value="MESSAGE"/>
                    <property name="stimulusType" value="REQ"/>
                    <property name="format" value="XML"/>
                </bean>

                <bean class="br.org.cipbancos.atlante.config.InputDataTypeDescriptor" parent="lateBatchInteropSchedulerBatchDelay">
                    <property name="id" value="RECLCPART_DELAY"/>
                    <property name="handler" value="recalcPartSubHandler"/>
                    <property name="aggregatedRecordsInfo" ref="aggregatedRecordsInfoRRC0019"/>
                    <property name="channelType" value="MESSAGE"/>
                    <property name="stimulusType" value="REQ"/>
                    <property name="format" value="XML"/>
                </bean>

                <bean class="br.org.cipbancos.atlante.config.InputDataTypeDescriptor" parent="lateBatchInteropSchedulerBatchDelay">
                    <property name="id" value="RECLPENSUB"/>
                    <property name="handler" value="recalculoPenhoraSubHandler"/>
                    <property name="aggregatedRecordsInfo" ref="aggregatedRecordsInfoRRC0019"/>
                    <property name="channelType" value="MESSAGE"/>
                    <property name="stimulusType" value="REQ"/>
                    <property name="format" value="XML"/>
                </bean>
                <bean class="br.org.cipbancos.atlante.config.InternalDataTypeDescriptor">
                    <property name="id" value="RRC0019SubRecalculo"/>
                    <property name="handler" value="rrc0019SubRecalculoHandler"/>
                </bean>
                <bean class="br.org.cipbancos.atlante.config.InternalDataTypeDescriptor">
                    <property name="id" value="RECDESSUB"/>
                    <property name="handler" value="recalculoDesalocacaoSubHandler"/>
                </bean>

                <bean class="br.org.cipbancos.atlante.config.InternalDataTypeDescriptor">
                    <property name="id" value="RecalculoUpdateOperacaoSubHandler"/>
                    <property name="handler" value="recalculoUpdateOperacaoSubHandler"/>
                </bean>
                <bean class="br.org.cipbancos.atlante.config.InternalDataTypeDescriptor">
                    <property name="id" value="RecalculoAlteracao"/>
                    <property name="handler" value="recalculoAlteracaoSubHandler"/>
                </bean>
                <bean class="br.org.cipbancos.atlante.config.InternalDataTypeDescriptor">
                    <property name="id" value="RecalculoOperacaoFinalizadaSub"/>
                    <property name="handler" value="recalculoOperacaoFinalizadaSubHandler"/>
                </bean>
                <bean class="br.org.cipbancos.atlante.config.InternalDataTypeDescriptor">
                    <property name="id" value="RecalculoOperacaoGestaoParticipanteFinalizadoSub"/>
                    <property name="handler" value="recalculoOperacaoGestaoParticipanteFinalizadoSubHandler"/>
                </bean>

                <bean class="br.org.cipbancos.atlante.config.InternalDataTypeDescriptor">
                    <property name="id" value="RRC0003Sub"/>
                    <property name="handler" value="rrc0003SubHandler"/>
                </bean>
                <bean class="br.org.cipbancos.atlante.config.InternalDataTypeDescriptor">
                    <property name="id" value="RRC0019SubAgendas"/>
                    <property name="handler" value="rrc0019SubAgendasHandler"/>
                </bean>
                <bean class="br.org.cipbancos.atlante.config.InternalDataTypeDescriptor">
                    <property name="id" value="RRC0019SubContratos"/>
                    <property name="handler" value="rrc0019SubContratosHandler"/>
                </bean>
                <bean class="br.org.cipbancos.atlante.config.InternalDataTypeDescriptor">
                    <property name="id" value="INTP011SubEnviar"/>
                    <property name="handler" value="intp011SubEnviarHandler"/>
                </bean>
                <bean class="br.org.cipbancos.atlante.config.InternalDataTypeDescriptor">
                    <property name="id" value="RRC0019SubOperacaoTitularDomicilioUnidadeRecebivel"/>
                    <property name="handler" value="rrc0019SubOperacaoTitularDomicilioUnidadeRecebivelHandler"/>
                </bean>
                <bean class="br.org.cipbancos.atlante.config.InternalDataTypeDescriptor">
                    <property name="id" value="RRC0019SubOptInAutomatico"/>
                    <property name="handler" value="rrc0019SubOptInAutomaticoHandler"/>
                </bean>
                <bean class="br.org.cipbancos.atlante.config.OutputDataTypeDescriptor">
                    <property name="id" value="RRC0019R1"/>
                    <property name="namespace" value="http://www.cip-bancos.org.br/MES/RRC0019.xsd"/>
                    <property name="format" value="XML"/>
                </bean>
                <bean class="br.org.cipbancos.atlante.config.OutputDataTypeDescriptor">
                    <property name="id" value="RRC0019E"/>
                    <property name="namespace" value="http://www.cip-bancos.org.br/MES/RRC0019E.xsd"/>
                    <property name="format" value="XML"/>
                </bean>

                <!-- RRC0020 -->
                <bean class="br.org.cipbancos.atlante.config.InputDataTypeDescriptor"  parent="lateBatchInteropSchedulerBatchDelay">
                    <property name="id" value="RRC0020"/>
                    <property name="handler" value="rrc0020Handler"/>
                    <property name="channelType" value="MESSAGE"/>
                    <property name="stimulusType" value="REQ"/>
                    <property name="format" value="XML"/>
                </bean>
                <bean class="br.org.cipbancos.atlante.config.OutputDataTypeDescriptor">
                    <property name="id" value="RRC0020R1"/>
                    <property name="namespace" value="http://www.cip-bancos.org.br/MES/RRC0020.xsd"/>
                    <property name="format" value="XML"/>
                </bean>
                <bean class="br.org.cipbancos.atlante.config.OutputDataTypeDescriptor">
                    <property name="id" value="RRC0020E"/>
                    <property name="namespace" value="http://www.cip-bancos.org.br/MES/RRC0020E.xsd"/>
                    <property name="format" value="XML"/>
                </bean>

                <!-- RR0C021 -->
                <bean class="br.org.cipbancos.atlante.config.InputDataTypeDescriptor" parent="lateBatchInteropSchedulerBatchDelay">
                    <property name="id" value="RRC0021"/>
                    <property name="handler" value="rrc0021Handler"/>
                    <property name="channelType" value="MESSAGE"/>
                    <property name="stimulusType" value="REQ"/>
                    <property name="format" value="XML"/>
                </bean>
                <bean class="br.org.cipbancos.atlante.config.OutputDataTypeDescriptor">
                    <property name="id" value="RRC0021R1"/>
                    <property name="namespace" value="http://www.cip-bancos.org.br/MES/RRC0021.xsd"/>
                    <property name="format" value="XML"/>
                </bean>
                <bean class="br.org.cipbancos.atlante.config.OutputDataTypeDescriptor">
                    <property name="id" value="RRC0021E"/>
                    <property name="namespace" value="http://www.cip-bancos.org.br/MES/RRC0021E.xsd"/>
                    <property name="format" value="XML"/>
                </bean>

                <!-- ARRC022 -->
                <bean class="br.org.cipbancos.atlante.config.InputDataTypeDescriptor" parent="lateBatchInteropSchedulerBatchDelay">
                    <property name="id" value="ARRC022"/>
                    <property name="handler" value="arrc022Handler"/>
                    <property name="aggregatedRecordsInfo" ref="aggregatedRecordsInfoARRC022"/>
                    <property name="channelType" value="FILE"/>
                    <property name="stimulusType" value="REQ"/>
                    <property name="format" value="XML"/>
                </bean>
                <bean class="br.org.cipbancos.atlante.config.InputDataTypeDescriptor" parent="lateBatchInteropSchedulerBatchDelay">
                    <property name="id" value="ARRC022_DELAY"/>
                    <property name="handler" value="arrc022Handler"/>
                    <property name="aggregatedRecordsInfo" ref="aggregatedRecordsInfoARRC022"/>
                    <property name="channelType" value="FILE"/>
                    <property name="stimulusType" value="REQ"/>
                    <property name="format" value="XML"/>
                </bean>
                <bean class="br.org.cipbancos.atlante.config.InputDataTypeDescriptor" parent="lateBatchInteropSchedulerBatchDelay">
                    <property name="id" value="ARRC022_INTEROP_1"/>
                    <property name="handler" value="arrc022Handler"/>
                    <property name="aggregatedRecordsInfo" ref="aggregatedRecordsInfoARRC022"/>
                    <property name="channelType" value="FILE"/>
                    <property name="stimulusType" value="REQ"/>
                    <property name="format" value="XML"/>
                </bean>
                <bean class="br.org.cipbancos.atlante.config.InputDataTypeDescriptor" parent="lateBatchInteropSchedulerBatchDelay">
                    <property name="id" value="ARRC022_INTEROP_2"/>
                    <property name="handler" value="arrc022Handler"/>
                    <property name="aggregatedRecordsInfo" ref="aggregatedRecordsInfoARRC022"/>
                    <property name="channelType" value="FILE"/>
                    <property name="stimulusType" value="REQ"/>
                    <property name="format" value="XML"/>
                </bean>
                <bean class="br.org.cipbancos.atlante.config.OutputDataTypeDescriptor">
                    <property name="id" value="ARRC022ERR"/>
                    <property name="namespace" value="http://www.cip-bancos.org.br/ARQ/ARRC022ERR.xsd"/>
                </bean>
                <bean class="br.org.cipbancos.atlante.config.OutputDataTypeDescriptor">
                    <property name="id" value="ARRC022PRO"/>
                    <property name="namespace" value="http://www.cip-bancos.org.br/ARQ/ARRC022PRO.xsd"/>
                </bean>
                <bean class="br.org.cipbancos.atlante.config.OutputDataTypeDescriptor">
                    <property name="id" value="ARRC022RET"/>
                    <property name="namespace" value="http://www.cip-bancos.org.br/ARQ/ARRC022.xsd"/>
                </bean>
                <bean class="br.org.cipbancos.atlante.config.InternalDataTypeDescriptor">
                    <property name="id" value="CollatorSub"/>
                    <property name="handler" value="CollatorSub"/>
                </bean>

                <!-- ARRC023 -->
                <bean class="br.org.cipbancos.atlante.config.InputDataTypeDescriptor" parent="lateBatchInteropSchedulerBatchDelay">
                    <property name="id" value="ARRC023"/>
                    <property name="handler" value="arrc023Handler"/>
                    <property name="channelType" value="FILE"/>
                    <property name="stimulusType" value="REQ"/>
                    <property name="format" value="XML"/>
                </bean>
                <bean class="br.org.cipbancos.atlante.config.OutputDataTypeDescriptor">
                    <property name="id" value="ARRC023ERR"/>
                    <property name="namespace" value="http://www.cip-bancos.org.br/ARQ/ARRC023ERR.xsd"/>
                    <property name="format" value="XML"/>
                </bean>
                <bean class="br.org.cipbancos.atlante.config.OutputDataTypeDescriptor">
                    <property name="id" value="ARRC023PRO"/>
                    <property name="namespace" value="http://www.cip-bancos.org.br/ARQ/ARRC023PRO.xsd"/>
                    <property name="format" value="XML"/>
                </bean>
                <bean class="br.org.cipbancos.atlante.config.OutputDataTypeDescriptor">
                    <property name="id" value="ARRC023RET"/>
                    <property name="namespace" value="http://www.cip-bancos.org.br/ARQ/ARRC023.xsd"/>
                    <property name="format" value="XML"/>
                </bean>

                <!-- RRC0024 -->
                <bean class="br.org.cipbancos.atlante.config.OutputDataTypeDescriptor">
                    <property name="id" value="RRC0024"/>
                    <property name="namespace" value="http://www.cip-bancos.org.br/MES/RRC0024.xsd"/>
                    <property name="format" value="XML"/>
                </bean>

                <!-- RRC0025 -->
                <bean class="br.org.cipbancos.atlante.config.InputDataTypeDescriptor">
                    <property name="id" value="RRC0025"/>
                    <property name="handler" value="rrc0025Handler"/>
                    <property name="channelType" value="MESSAGE"/>
                    <property name="stimulusType" value="REQ"/>
                    <property name="format" value="XML"/>
                </bean>
                <bean class="br.org.cipbancos.atlante.config.OutputDataTypeDescriptor">
                    <property name="id" value="RRC0025R1"/>
                    <property name="namespace" value="http://www.cip-bancos.org.br/MES/RRC0025.xsd"/>
                    <property name="format" value="XML"/>
                </bean>
                <bean class="br.org.cipbancos.atlante.config.OutputDataTypeDescriptor">
                    <property name="id" value="RRC0025E"/>
                    <property name="namespace" value="http://www.cip-bancos.org.br/MES/RRC0025E.xsd"/>
                    <property name="format" value="XML"/>
                </bean>

                <!-- rrc0027 -->
                <bean class="br.org.cipbancos.atlante.config.InputDataTypeDescriptor">
                    <property name="id" value="RRC0027"/>
                    <property name="handler" value="rrc0027Handler"/>
                    <property name="channelType" value="MESSAGE"/>
                    <property name="stimulusType" value="REQ"/>
                    <property name="format" value="XML"/>
                </bean>
                <bean class="br.org.cipbancos.atlante.config.OutputDataTypeDescriptor">
                    <property name="id" value="RRC0027R1"/>
                    <property name="namespace" value="http://www.cip-bancos.org.br/MES/RRC0027.xsd"/>
                    <property name="format" value="XML"/>
                </bean>
                <bean class="br.org.cipbancos.atlante.config.OutputDataTypeDescriptor">
                    <property name="id" value="RRC0027E"/>
                    <property name="namespace" value="http://www.cip-bancos.org.br/MES/RRC0027E.xsd"/>
                    <property name="format" value="XML"/>
                </bean>

                <!--RRC0028 -->
                <bean class="br.org.cipbancos.atlante.config.OutputDataTypeDescriptor">
                    <property name="id" value="RRC0028"/>
                    <property name="namespace" value="http://www.cip-bancos.org.br/MES/RRC0028.xsd"/>
                    <property name="format" value="XML"/>
                </bean>

                <!--RRC0029 -->
                <bean class="br.org.cipbancos.atlante.config.OutputDataTypeDescriptor">
                    <property name="id" value="RRC0029"/>
                    <property name="namespace" value="http://www.cip-bancos.org.br/MES/RRC0029.xsd"/>
                    <property name="format" value="XML"/>
                </bean>

                <!-- ARRC030 -->
                <bean class="br.org.cipbancos.atlante.config.InputDataTypeDescriptor">
                    <property name="id" value="ARRC030"/>
                    <property name="handler" value="arrc030Handler"/>
                    <property name="aggregatedRecordsInfo" ref="aggregatedRecordsInfoARRC030"/>
                    <property name="channelType" value="FILE"/>
                    <property name="stimulusType" value="REQ"/>
                </bean>
                <bean class="br.org.cipbancos.atlante.config.OutputDataTypeDescriptor">
                    <property name="id" value="ARRC030ERR"/>
                    <property name="namespace" value="http://www.cip-bancos.org.br/ARQ/ARRC030ERR.xsd"/>
                    <property name="format" value="XML"/>
                </bean>
                <bean class="br.org.cipbancos.atlante.config.OutputDataTypeDescriptor">
                    <property name="id" value="ARRC030PRO"/>
                    <property name="namespace" value="http://www.cip-bancos.org.br/ARQ/ARRC030PRO.xsd"/>
                    <property name="format" value="XML"/>
                </bean>
                <bean class="br.org.cipbancos.atlante.config.OutputDataTypeDescriptor">
                    <property name="id" value="ARRC030RET"/>
                    <property name="namespace" value="http://www.cip-bancos.org.br/ARQ/ARRC030.xsd"/>
                    <property name="format" value="XML"/>
                </bean>

               <!-- ARRC031 -->
                <bean class="br.org.cipbancos.atlante.config.InputDataTypeDescriptor">
                    <property name="id" value="V_ARRC031"/>
                    <property name="handler" value="arrc031Handler"/>
                    <property name="channelType" value="MESSAGE"/>
                    <property name="stimulusType" value="REQ"/>
                    <property name="format" value="XML"/>
                </bean>
                <bean class="br.org.cipbancos.atlante.config.InternalDataTypeDescriptor">
                    <property name="id" value="ARRC031Sub"/>
                    <property name="handler" value="arrc031SubHandler"/>
                </bean>
                <bean class="br.org.cipbancos.atlante.config.InternalDataTypeDescriptor">
                    <property name="id" value="ARRC031FinalizaSub"/>
                    <property name="handler" value="arrc031FinalizaSubHandler"/>
                </bean>
                <bean class="br.org.cipbancos.atlante.config.OutputDataTypeDescriptor">
                    <property name="id" value="ARRC031"/>
                    <property name="namespace" value="http://www.cip-bancos.org.br/ARQ/ARRC031.xsd"/>
                    <property name="format" value="XML"/>
                </bean>

                <!-- ARRC032 -->
                <bean class="br.org.cipbancos.atlante.config.InputDataTypeDescriptor">
                    <property name="id" value="V_ARRC032"/>
                    <property name="handler" value="arrc032Handler"/>
                    <property name="channelType" value="FILE"/>
                    <property name="stimulusType" value="REQ"/>
                </bean>
                <bean class="br.org.cipbancos.atlante.config.OutputDataTypeDescriptor">
                    <property name="id" value="ARRC032"/>
                    <property name="namespace" value="http://www.cip-bancos.org.br/ARQ/ARRC032.xsd"/>
                    <property name="format" value="XML"/>
                </bean>

                <!-- CONSOLIDARAGENDA -->
                <bean class="br.org.cipbancos.atlante.config.InputDataTypeDescriptor">
                    <property name="id" value="CONSOLIDARAGENDA"/>
                    <property name="handler" value="consolidarAgendaHandler"/>
                    <property name="channelType" value="MESSAGE"/>
                    <property name="stimulusType" value="REQ"/>
                </bean>

                <!-- InteropAgendaPosicao -->
                <bean class="br.org.cipbancos.atlante.config.InternalDataTypeDescriptor">
                    <property name="id" value="InteropAgendaPosicaoSub"/>
                    <property name="handler" value="interopAgendaPosicaoSubHandler"/>
                </bean>

                <!-- InteropAgenda -->
                <bean class="br.org.cipbancos.atlante.config.InternalDataTypeDescriptor">
                    <property name="id" value="InteropAgendaSub"/>
                    <property name="handler" value="interopAgendaSubHandler"/>
                </bean>

                <bean class="br.org.cipbancos.atlante.config.InputDataTypeDescriptor">
                    <property name="id" value="V_INTP007"/>
                    <property name="handler" value="intp007VarreduraHandler"/>
                    <property name="channelType" value="MESSAGE"/>
                    <property name="stimulusType" value="REQ"/>
                    <property name="format" value="XML"/>
                </bean>
                <bean class="br.org.cipbancos.atlante.config.InputDataTypeDescriptor" parent="lateBatchInteropSchedulerBatchDelay">
                    <property name="id" value="INTP007SubEnviar"/>
                    <property name="handler" value="intp007SubEnviarHandler"/>
                    <property name="channelType" value="MESSAGE"/>
                    <property name="stimulusType" value="REQ"/>
                    <property name="format" value="XML"/>
                </bean>
                <bean class="br.org.cipbancos.atlante.config.InputDataTypeDescriptor" parent="lateBatchInteropSchedulerBatchDelay">
                    <property name="id" value="INTP007_INTEROP"/>
                    <property name="handler" value="intp007SubEnviarHandler"/>
                    <property name="channelType" value="MESSAGE"/>
                    <property name="stimulusType" value="REQ"/>
                    <property name="format" value="XML"/>
                </bean>

                <!-- RECALCULO -->
                <bean class="br.org.cipbancos.atlante.config.InputDataTypeDescriptor" >
                    <property name="id" value="V_RECALCL"/>
                    <property name="handler" value="recalculoHandler"/>
                    <property name="channelType" value="MESSAGE"/>
                    <property name="stimulusType" value="REQ"/>
                    <property name="format" value="XML"/>
                </bean>
                <bean class="br.org.cipbancos.atlante.config.InputDataTypeDescriptor" >
                    <property name="id" value="V_RECALCI"/>
                    <property name="handler" value="recalculoHandler"/>
                    <property name="channelType" value="MESSAGE"/>
                    <property name="stimulusType" value="REQ"/>
                    <property name="format" value="XML"/>
                </bean>
                <bean class="br.org.cipbancos.atlante.config.InputDataTypeDescriptor">
                    <property name="id" value="V_RECLDES"/>
                    <property name="handler" value="recalculoDesalocacaoHandler"/>
                    <property name="channelType" value="MESSAGE"/>
                    <property name="stimulusType" value="REQ"/>
                    <property name="format" value="XML"/>
                </bean>
                <bean class="br.org.cipbancos.atlante.config.InputDataTypeDescriptor">
                    <property name="id" value="V_RECLPEN"/>
                    <property name="handler" value="recalculoPenhoraHandler"/>
                    <property name="channelType" value="MESSAGE"/>
                    <property name="stimulusType" value="REQ"/>
                    <property name="format" value="XML"/>
                </bean>
                <bean class="br.org.cipbancos.atlante.config.InternalDataTypeDescriptor">
                    <property name="id" value="INTP007SubGerar"/>
                    <property name="handler" value="intp007SubGerarHandler"/>
                </bean>
                <!-- RECALCULO Participante-->
                <bean class="br.org.cipbancos.atlante.config.InputDataTypeDescriptor">
                    <property name="id" value="V_RECLCPT"/>
                    <property name="handler" value="recalcPartHandler"/>
                    <property name="channelType" value="MESSAGE"/>
                    <property name="stimulusType" value="REQ"/>
                    <property name="format" value="XML"/>
                </bean>


                <bean class="br.org.cipbancos.atlante.config.InternalDataTypeDescriptor">
                    <property name="id" value="recalcPartBatchOrchestratorHandler"/>
                    <property name="handler" value="recalcPartBatchOrchestratorHandler"/>
                </bean>
                <bean class="br.org.cipbancos.atlante.config.InternalDataTypeDescriptor">
                    <property name="id" value="RECLPARTOP"/>
                    <property name="handler" value="recalcPartSubHandler"/>
                </bean>
                <bean class="br.org.cipbancos.atlante.config.InternalDataTypeDescriptor">
                    <property name="id" value="RecalcPartSubDelay"/>
                    <property name="handler" value="recalcPartSubHandler"/>
                </bean>

<!--                <bean class="br.org.cipbancos.atlante.config.InternalDataTypeDescriptor">-->
<!--                    <property name="id" value="RECALCUSUB"/>-->
<!--                    <property name="handler" value="recalculoSubHandler"/>-->
<!--                </bean>-->
                <bean class="br.org.cipbancos.atlante.config.InternalDataTypeDescriptor">
                    <property name="id" value="RRC0003"/>
                    <property name="handler" value="rrc0003Handler"/>
                </bean>
                <bean class="br.org.cipbancos.atlante.config.OutputDataTypeDescriptor">
                    <property name="id" value="RRC0003"/>
                    <property name="namespace" value="http://www.cip-bancos.org.br/MES/RRC0003.xsd"/>
                    <property name="format" value="XML"/>
                </bean>
                <bean class="br.org.cipbancos.atlante.config.InternalDataTypeDescriptor">
                    <property name="id" value="RRC0009"/>
                    <property name="handler" value="rrc0009Handler"/>
                </bean>
                <bean class="br.org.cipbancos.atlante.config.OutputDataTypeDescriptor">
                    <property name="id" value="RRC0009"/>
                    <property name="namespace" value="http://www.cip-bancos.org.br/MES/RRC0009.xsd"/>
                    <property name="format" value="XML"/>
                </bean>

                <!-- Envia Agenda -->
                <bean class="br.org.cipbancos.atlante.config.InputDataTypeDescriptor">
                    <property name="id" value="V_EAGENDA"/>
                    <property name="handler" value="EnviaAgendaLateBatch"/>
                    <property name="channelType" value="MESSAGE"/>
                    <property name="stimulusType" value="REQ"/>
                    <property name="format" value="XML"/>
                </bean>

                <!-- Varredura Credenciadora Offline -->
                <bean class="br.org.cipbancos.atlante.config.InputDataTypeDescriptor">
                    <property name="id" value="V_CRDDOFF"/>
                    <property name="handler" value="creddrOfflineHandler"/>
                    <property name="channelType" value="MESSAGE"/>
                    <property name="stimulusType" value="REQ"/>
                    <property name="format" value="XML"/>
                </bean>
                <bean class="br.org.cipbancos.atlante.config.InternalDataTypeDescriptor">
                    <property name="id" value="creddrOfflineSub"/>
                    <property name="handler" value="creddrOfflineSub"/>
                </bean>

                <!-- Sub para API -->
                <bean class="br.org.cipbancos.atlante.config.InternalDataTypeDescriptor">
                    <property name="id" value="RegistroOperacaoStageSub"/>
                    <property name="handler" value="registroOperacaoStageSubHandler"/>
                </bean>

                <bean class="br.org.cipbancos.atlante.config.InternalDataTypeDescriptor">
                    <property name="id" value="PostContratoHandler"/>
                    <property name="handler" value="postContratoHandler"/>
                </bean>

                <!-- Contrato Patch -->
                <bean class="br.org.cipbancos.atlante.config.InternalDataTypeDescriptor">
                    <property name="id" value="InteropContratoPatchSub"/>
                    <property name="handler" value="interopContratoPatchSubHandler"/>
                </bean>
                <!-- Contrato cancelamento -->
                <bean class="br.org.cipbancos.atlante.config.InternalDataTypeDescriptor" parent="lateBatchInteropSchedulerBatchDelay">
                    <property name="id" value="InteropCancelamentoContratoHandler"/>
                    <property name="handler" value="interopCancelamentoContratoHandler"/>
                </bean>
                <!-- Agenda Rejeitar -->
                <bean class="br.org.cipbancos.atlante.config.InternalDataTypeDescriptor">
                    <property name="id" value="InteropAgendaRejeitarHandler"/>
                    <property name="handler" value="interopAgendaRejeitarHandler"/>
                </bean>
                <bean class="br.org.cipbancos.atlante.config.InternalDataTypeDescriptor">
                    <property name="id" value="NotificacaoAnuenciaHandler"/>
                    <property name="handler" value="notificacaoAnuenciaHandler"/>
                </bean>

                <!-- Late Batch que vai agendar o BatchDelay -->
                <bean class="br.org.cipbancos.atlante.config.InternalDataTypeDescriptor">
                    <property name="id" value="InteropSchedulerBatchDelay"/>
                    <property name="handler" value="interopSchedulerBatchDelay"/>
                </bean>

                <!-- esse é quem de fato tem delay -->
                <bean class="br.org.cipbancos.atlante.config.InternalDataTypeDescriptor">
                    <property name="id" value="InteropBatchDelaySLA"/>
                    <property name="handler" value="interopBatchDelaySLA"/>
                </bean>

                <bean class="br.org.cipbancos.atlante.config.InternalDataTypeDescriptor">
                    <property name="id" value="InteropConfirmReceptionActionHandler"/>
                    <property name="handler" value="interopConfirmReceptionActionHandler"/>
                </bean>

                <!-- Contrato Patch -->
                <bean class="br.org.cipbancos.atlante.config.InternalDataTypeDescriptor">
                    <property name="id" value="InteropPostCancelamentoContrato"/>
                    <property name="handler" value="interopPostCancelamentoContrato"/>
                </bean>

            </list>
        </property>
    </bean>
</beans>