<?xml version="1.0" encoding="UTF-8"?>
<beans xmlns="http://www.springframework.org/schema/beans"
       xmlns:xsi="http://www.w3.org/2001/XMLSchema-instance"
       xmlns:util="http://www.springframework.org/schema/util"
       xmlns:context="http://www.springframework.org/schema/context"
       xmlns:p="http://www.springframework.org/schema/p"
       xsi:schemaLocation="http://www.springframework.org/schema/beans http://www.springframework.org/schema/beans/spring-beans-3.2.xsd
       http://www.springframework.org/schema/context http://www.springframework.org/schema/context/spring-context.xsd
       http://www.springframework.org/schema/util http://www.springframework.org/schema/util/spring-util.xsd">

       <import resource="application-config.xml"/>
       <import resource="classpath:app-context-cache.xml"/>

       <util:properties id="app-prop" location="file:/opt/atlante/app.properties"/>
       <context:property-placeholder properties-ref="app-prop" order="2" ignore-unresolvable="true" />
       <bean id = "dataSource" class = "org.springframework.jdbc.datasource.DriverManagerDataSource">
           <property name = "driverClassName" value = "org.postgresql.Driver"/>
           <property name = "url" value = "${app.jdbc.url}"/>
           <property name = "username" value = "${app.jdbc.user}"/>
           <property name = "password" value = "${app.jdbc.password}"/>
       </bean>
       
       <bean id="dataSourceRouter" class="br.org.cipbancos.rrc.datasource.DataSourceRouter">
       		<property name="ctzDS" ref="dataSource" />
       </bean>

       <bean class="br.org.cipbancos.rrc.dao.impl.ParametroConfiguracaoSistemaDAOImpl" />
       <bean class="br.org.cipbancos.rrc.negocio.ParametroConfiguracaoSistemaNegocio" />
       <bean class="br.org.cipbancos.rrc.interop.dao.rowmapper.IFsRowMapper" />
       <bean class="br.org.cipbancos.rrc.interop.dao.rowmapper.CredenciadoraRowMapper" />
       <bean class="br.org.cipbancos.rrc.interop.dao.rowmapper.InstCadPartCnpjIspbRowMapper" />
       <bean class="br.org.cipbancos.rrc.interop.dao.rowmapper.InstCadCnpjIspbRowMapper" />
       <bean class="br.org.cipbancos.rrc.dao.impl.ParticipanteDAOImpl" />
       <bean class="br.org.cipbancos.rrc.interop.dao.impl.InstCadDAOImpl" />
       <bean class="br.org.cipbancos.rrc.dao.impl.DominioCodigoArranjoPagamentoDAOImpl" />
       <bean class="br.org.cipbancos.rrc.interop.dao.impl.CentralizadoraDAOImpl" />
       <bean class="br.org.cipbancos.rrc.negocio.impl.CentralizadoraNegocioImpl" />

</beans>
