<?xml version="1.0" encoding="UTF-8"?>
<beans xmlns="http://www.springframework.org/schema/beans"
       xmlns:xsi="http://www.w3.org/2001/XMLSchema-instance"
       xsi:schemaLocation="http://www.springframework.org/schema/beans http://www.springframework.org/schema/beans/spring-beans-2.5.xsd">

    <!-- ========================================================================================================== -->
    <!-- Configurações do Protocolo                                                                                 -->
    <!-- ========================================================================================================== -->

    <!--
      | ProtocolConfig - Configurações do protocolo do Atlante
      |
      | internalHandlerConfig - Mapeamento de handlers internos do protocolo.
    -->
    <bean id="protocolConfig" class="br.org.cipbancos.atlante.config.ProtocolConfig">
        <property name="internalHandlerConfig">
            <bean class="br.org.cipbancos.atlante.config.WorkerHandlerConfig">
                <property name="handlers">
                    <map>
                        <entry key="AGEN001" value="agen001Handler"/>

                        <entry key="GEN0001" value="gen0001Handler"/>
                        <entry key="GEN0003" value="gen0003Handler"/>
                        <entry key="GEN0006R1" value="gen0006R1Handler"/>
                        <entry key="GEN0007" value="gen0007Handler"/>
                        <entry key="GEN0008R1" value="gen0008R1Handler"/>
                        <entry key="GEN0012" value="gen0012Handler"/>
                        <entry key="GEN0012SubBatch" value="gen0012SubBatchHandler"/>
                        <entry key="GEN0018" value="gen0018Handler"/>

                        <!-- generic handlers -->
                        <entry key="GEN0004" value="genericGenHandler"/>
                        <entry key="GEN0006E" value="genericGenHandler"/>
                        <entry key="GEN0008E" value="genericGenHandler"/>
                        <entry key="GEN0001R1" value="genericGenHandler"/>
                    </map>
                </property>
            </bean>
        </property>
        <property name="recordsPerDataType">
            <map>
                <entry key="ARRC001" value="500000000"/>
                <entry key="ARRC030" value="50000"/>
                <entry key="ARRC031" value="10000"/>
                <entry key="ARRC018" value="10000"/>
            </map>
        </property>
        <property name="sizePerDataType">
            <map>
                <entry key="ARRC001" value="52428800"/>
            </map>
        </property>
    </bean>

    <!--
        | SPBProtocolConfig - Configurações específicas do protocolo SPB.
        |
        | sendGEN0015 - Configura se as mensagens GEN0015 devem ser enviadas pelo protocolo (booleano).
    -->
    <bean id="spbProtocolConfig" class="br.org.cipbancos.atlante.config.SPBProtocolConfig">

        <!--
        <property name="parsingOptions">
            <map>
                <entry key="name" value="aalto"/>
                <entry key="multithread" value="true"/>
                <entry key="mt.maxRecordsPerTask" value="50"/>
                <entry key="mt.threadCount" value="3"/>
            </map>
        </property>
        -->

        <!-- Prefixos de arquivos e mensagens, nao deixar em branco! -->
        <property name="applicationErrorPrefix" value="ERRC"/>
        <property name="filePrefix" value="ARRC"/>
        <property name="genericFilePrefix" value="AGEN"/>
        <property name="genericMessagePrefix" value="GEN"/>
        <property name="messagePrefix" value="RRC"/>

        <!-- Habilitar gerar <Grupo_Seq> -->
        <property name="shouldGenerateTagGrupoSeq" value="true"/>

        <!-- Mapeamento de XSD para tag de cabecalho -->
        <property name="headerTagMap">
            <map>
                <entry key="http://www.cip-bancos.org.br/Ativar_varredura.xsd" value="BCMSG"/>
                <entry key="http://www.cip-bancos.org.br/MES/RRC0004.xsd" value="BCMSG"/>
                <entry key="http://www.cip-bancos.org.br/MES/RRC0005.xsd" value="BCMSG"/>
                <entry key="http://www.cip-bancos.org.br/MES/RRC0006.xsd" value="BCMSG"/>
                <entry key="http://www.cip-bancos.org.br/MES/RRC0008.xsd" value="BCMSG"/>
                <entry key="http://www.cip-bancos.org.br/MES/RRC0010.xsd" value="BCMSG"/>
                <entry key="http://www.cip-bancos.org.br/MES/RRC0011.xsd" value="BCMSG"/>
                <entry key="http://www.cip-bancos.org.br/MES/RRC0012.xsd" value="BCMSG"/>
                <entry key="http://www.cip-bancos.org.br/MES/RRC0013.xsd" value="BCMSG"/>
                <entry key="http://www.cip-bancos.org.br/MES/RRC0019.xsd" value="BCMSG"/>
                <entry key="http://www.cip-bancos.org.br/MES/RRC0020.xsd" value="BCMSG"/>
                <entry key="http://www.cip-bancos.org.br/MES/RRC0021.xsd" value="BCMSG"/>
                <entry key="http://www.cip-bancos.org.br/MES/RRC0025.xsd" value="BCMSG"/>
                <entry key="http://www.cip-bancos.org.br/MES/RRC0027.xsd" value="BCMSG"/>
                <entry key="default" value="BCARQ"/>
            </map>
        </property>

        <property name="delayedConfirmationTypes">
            <list>
            </list>
        </property>

        <!-- Mapeamento de XSD para tag de quebra do corpo -->
        <property name="recordTagMap">
            <map>
                <entry key="http://www.cip-bancos.org.br/ARQ/ARRC001.xsd" value="Grupo_ARRC001_UsuFinalRecbdr"/>
                <entry key="http://www.cip-bancos.org.br/ARQ/ARRC002.xsd" value="Grupo_ARRC002_RegRecbvlBaixa"/>
                <entry key="http://www.cip-bancos.org.br/ARQ/ARRC022.xsd" value="Grupo_ARRC022_NegcRecbvl"/>
                <entry key="http://www.cip-bancos.org.br/ARQ/ARRC023.xsd" value="Grupo_ARRC023_NegcRecbvl"/>
                <entry key="http://www.cip-bancos.org.br/MES/RRC0005.xsd" value="RRC0005"/>
                <entry key="http://www.cip-bancos.org.br/MES/RRC0006.xsd" value="RRC0006"/>
                <entry key="http://www.cip-bancos.org.br/MES/RRC0008.xsd" value="RRC0008"/>
                <entry key="http://www.cip-bancos.org.br/MES/RRC0009.xsd" value="RRC0009"/>
                <entry key="http://www.cip-bancos.org.br/MES/RRC0010.xsd" value="RRC0010"/>
                <entry key="http://www.cip-bancos.org.br/MES/RRC0011.xsd" value="RRC0011"/>
                <entry key="http://www.cip-bancos.org.br/MES/RRC0012.xsd" value="RRC0012"/>
                <entry key="http://www.cip-bancos.org.br/MES/RRC0013.xsd" value="RRC0013"/>
                <entry key="http://www.cip-bancos.org.br/MES/RRC0019.xsd" value="RRC0019"/>
                <entry key="http://www.cip-bancos.org.br/MES/RRC0020.xsd" value="RRC0020"/>
                <entry key="http://www.cip-bancos.org.br/MES/RRC0021.xsd" value="RRC0021"/>
                <entry key="http://www.cip-bancos.org.br/MES/RRC0025.xsd" value="RRC0025"/>
                <entry key="http://www.cip-bancos.org.br/MES/RRC0027.xsd" value="RRC0027"/>
                <entry key="http://www.cip-bancos.org.br/ARQ/ARRC030.xsd" value="Grupo_ARRC030_Credd"/>
                <entry key="http://www.cip-bancos.org.br/ARQ/ARRC031.xsd" value="ARRC031"/>
                <entry key="http://www.cip-bancos.org.br/ARQ/ARRC032.xsd" value="ARRC032"/>
                <entry key="http://www.cip-bancos.org.br/MES/Ativar_varredura.xsd" value="R2C3AtivarVarredura"/>
            </map>
        </property>

        <!-- Mapeamento de XSD para tag de rodape -->
        <property name="trailerTagMap">
            <map>
                <entry key="default" value="ESTARQ"/>
            </map>
        </property>

        <!--
            Mapeamento de systemId para baseURI (veja org.w3c.dom.ls.LSResourceResolver).
            Permite o funcionamento correto de tags xs:include nos XSDs da aplicacao.
         -->
        <property name="systemIdToBaseURI">
            <map>
                <entry key="ARRCTIPOS.xsd" value="${atlante.config.path}/application/xsd/"/>
            </map>
        </property>

        <!--
            Mapeamento de ErrorMessage para codigos de erro
            Aceita como chave um code de ErrorMessage e como valor o codigo de erro desejado.
         -->
        <property name="errorCodeMap">
            <map>

                <!-- Data de referência inválida -->
                <entry key="-322" value="ERRC0003"/>

                <!-- Data de referência inválida -->
                <entry key="-323" value="ERRC0003"/>

                <!-- Nome de arquivo duplicado -->
                <entry key="-321" value="ERRC0016"/>

                <!-- Nome de arquivo inválido no XML -->
                <entry key="-317" value="ERRC0017"/>

            </map>
        </property>

        <!-- Comportamentos do envio de GEN0015 pelo protocolo -->
        <!-- ALL                - envia GEN0015 para todos arquivos gerados -->
        <!-- ALL_EXCEPT_PRO_ERR - envia GEN0015 para todos arquivos, exceto _PRO e _ERR-->
        <!-- NONE               - não envia GEN0015 -->
        <property name="gen0015Behavior" value="NONE"/>

        <!-- Define se deve informar quantidade de records do arquivo, através do USERMSG -->
        <property name="gen0015QuantRecordsInFile" value="false"/>

        <!-- Configuração de arquivos e mensagens -->
        <property name="operationIdentifierTag" value=""/>
        <property name="operationNumberTag" value="NUOp"/>
        <property name="sequenceContinuationTag" value="IndrCont"/>
        <property name="sequenceGroupTag" value="Grupo_Seq"/>
        <property name="sequenceNumberTag" value="NumSeq"/>
        <property name="receiverIspbTag" value="ISPBDestinatario"/>
        <property name="propertiesTagMap">
            <map>
                <entry key="IdentdPartAdmdo" value="IdentdPartAdmdo"/>
                <entry key="IdentdPartAdmtd" value="IdentdPartAdmtd"/>
                <entry key="IdentdPartPrincipal" value="IdentdPartPrincipal"/>
                <entry key="NumCtrlIFEvt" value="NumCtrlIFEvt"/>
            </map>
        </property>

        <!-- Configuração de arquivos -->
        <property name="fiControlNumberTag" value=""/>
        <property name="fileHeaderTag" value="BCARQ"/>
        <property name="fileNameTag" value="NomArq"/>
        <property name="fileSequenceSize" value="5"/>
        <property name="movementDateTag" value="DtRef"/>
        <property name="senderControlNumberTag" value="NumCtrlEmis"/>
        <property name="senderIspbTag" value="ISPBEmissor"/>

        <!-- Configuração de mensagens -->
        <property name="messageHeaderTag" value="BCMSG"/>
        <property name="receiverIdentifierTag" value="IdentdDestinatario"/>
        <property name="senderIdentifierTag" value="IdentdEmissor"/>
        <property name="systemDomainTag" value="DomSist"/>

        <!-- Lista de IFs que não recebem arquivos de confirmacao (_PRO) -->
        <property name="partiesToIgnoreConfirmation">
            <list>
            </list>
        </property>

        <!-- Lista de IFs que não recebem mensagens ou arquivos de erro -->
        <property name="partiesToIgnoreErrors">
            <list>
                <value>00038166</value><!-- Banco Central -->
            </list>
        </property>

    </bean>

</beans>
