{
	"default": {
		"ispb": "01027058",
		"ip": "127.0.0.1",
		"port": 9092,
		"contextPath": "/api/v1",
		"logicalHttpHeadersRequired": [
			"LOGICAL_IDENTIFIER",
			"PARTY",
			"REFERENCE_DATE",
			"SIGN"
		],
		"action": {
			"DO_NOTHING_WITH_ANY_STATUS": {
				"action": "DO_NOTHING",
				"parameters": {
					"RESPONSE_BODY_AWARE": true
				}
			}
		}
	},
	"itemConfig": [
		{
			"function": "RRC0003[Incluir]",
			"outputGroup" : 1
		},
		{
			"function": "RRC0003[Alterar]",
			"outputGroup" : 2
		},
		{
			"function": "RRC0004"
		},
		{
			"function": "RRC0005R1"
		},
		{
			"function": "RRC0005E"
		},
		{
			"function": "RRC0006R1"
		},
		{
			"function": "RRC0006E"
		},
		{
			"function": "RRC0009[Incluir]",
			"outputGroup" : 1
		},
		{
			"function": "RRC0009[Alterar]",
			"outputGroup" : 2
		},
		{
			"function": "RRC0014"
		},
		{
			"function": "RRC0015"
		},
		{
			"function": "RRC0016"
		},
		{
			"function": "RRC0019R1"
		},
		{
			"function": "RRC0019E"
		},
		{
			"function": "RRC0020R1"
		},
		{
			"function": "RRC0020E"
		},
		{
			"function": "RRC0024"
		},
		{
			"function": "RRC0028"
		},
		{
			"function": "RRC0029"
		},
		{
			"function": "GEN0001"
		}
	]
}
