{
	"default": {
		"ispb": "22222222",
		"ip": "127.0.0.1",
		"port": 9095,
		"contextPath": "/atlante-tester",
		"ssl": false,
		"requirements" : [ "CLIENT_CREDENTIALS" ],
		"action": {
			"BAD_REQUEST": {
				"action": "DO_NOTHING",
				"parameters": {
					"RESPONSE_BODY_AWARE": true
				},
				"statusCode": 400
			},
			"NOT_FOUND": {
				"action": "DO_NOTHING",
				"parameters": {
					"RESPONSE_BODY_AWARE": true
				},
				"statusCode": 404
			},
			"OK": {
				"action": "DO_NOTHING",
				"parameters": {
					"RESPONSE_BODY_AWARE": true
				},
				"statusCode": 200
			},
			"ACCEPTED": {
				"action": "DO_NOTHING",
				"parameters": {
					"RESPONSE_BODY_AWARE": true
				},
				"statusCode": 202
			},
			"MULTI_STATUS": {
				"action": "DO_NOTHING",
				"parameters": {
					"RESPONSE_BODY_AWARE": true
				},
				"statusCode": 207
			}
		}
	},
	"itemConfig": [
		{
			"function": "OAUTH_LOGIN",
			"method": "POST",
			"uri": "/oauth/token",
			"requirements" : []
		},
		{
			"function": "Buscar Credor"
		},
		{
			"function": "Buscar Instituição Credenciadora"
		},
		{
			"function": "Consultar todos Mapas de Serviços"
		},
		{
			"function" : "Buscar Anuências Solicitadas"
		},
		{
			"function" : "Consultar Credor"
		},
		{
			"function" : "Consultar Instituição Credenciadora"
		},
		{
			"function" : "Consultar Mapa de Serviços"
		},
		{
			"function" : "Buscar Arranjos de Pagamento"
		},
		{
			"function" : "Buscar Participantes do sistema SLC"
		},
		{
			"function" : "Consultar Estabelecimento Comercial e Arranjo de Pagamento"
		},
		{
			"function" : "Consultar Estabelecimento Comercial"
		},
		{
			"function" : "Inserir Anuência (Opt-In)"
		},
		{
			"function" : "Inserir Credor"
		},
		{
			"function" : "Inserir Estabelecimento Comercial"
		},
		{
			"function" : "Inserir Instituição Credenciadora"
		},
		{
			"function" : "Inserir Mapa de Serviços"
		},
		{
			"function" : "Alterar Anuência (Opt-Out)"
		},
		{
			"function" : "Alterar Credor"
		},
		{
			"function" : "Alterar Estabelecimento Comercial"
		},	
		{
			"function" : "Alterar Instituição Credenciadora"
		},
		{
			"function" : "Alterar Mapa de Serviços"
		},
		{
			"function" : "Consultar Anuências"
		},
		{
			"function" : "Consultar Anuência pela Chave"
		},
		{
			"function": "Inserir EC X IC"
		},
		{
			"function": "Editar EC X IC"
		},
		{
			"function": "Buscar Relacionamentos EC x IC Solicitados"
		},
		{
			"function": "Buscar Relacionamentos Instituições Credenciadoras x Arranjos de Pagamento"
		},
		{
			"function": "Inserir um relacionamento de uma instituição credenciadora com um arranjo de pagamento"
		},
		{
			"function": "Alterar o relacionamento de uma instituição credenciadora com um arranjo de pagamento"
		}
	]
}
