{
	"default": {
		"ispb": "31345107",
		"ip": "127.0.0.1",
		"port": 9093,
		"contextPath": "/atlante-tester",
		"ssl": false,
		"requirements" : [ "CLIENT_CREDENTIALS" ],
		"action": {
			"DO_NOTHING_WITH_ANY_STATUS": {
				"action": "DO_NOTHING",
				"parameters": {
					"RESPONSE_BODY_AWARE": true
				}
			}
		}
	},
	"itemConfig": [
		{
			"function": "OAUTH_LOGIN",
			"method": "POST",
			"uri": "/oauth/token",
			"requirements" : []
		},
		{
			"function": "INTP001"
		},
		{
			"function": "INTP002"
		},
		{
			"function": "INTP004"
		},
		{
			"function": "INTP005"
		},
		{
			"function": "INTP006"
		},
		{
			"function": "INTP007"
		},
		{
			"function": "INTP013[Cancelar]"
		},
		{
			"function": "INTP008"
		},
		{
			"function": "INTP010"
		},
		{
			"function": "INTP011"
		},
		{
			"function": "INTP012"
		},
		{
			"function": "INTP014",
            "method": "POST",
            "uri": "/contrato/cancelamento/resposta"
        }
	]
}
