<?xml version="1.0" encoding="UTF-8"?>
<beans xmlns="http://www.springframework.org/schema/beans"
       xmlns:xsi="http://www.w3.org/2001/XMLSchema-instance"
       xmlns:context="http://www.springframework.org/schema/context"
       xmlns:p="http://www.springframework.org/schema/p"
       xmlns:util="http://www.springframework.org/schema/util"
       xsi:schemaLocation="http://www.springframework.org/schema/beans http://www.springframework.org/schema/beans/spring-beans.xsd
       http://www.springframework.org/schema/context http://www.springframework.org/schema/context/spring-context.xsd
       http://www.springframework.org/schema/util http://www.springframework.org/schema/util/spring-util.xsd">
       
       
       
    <!-- ========================================================================================================== -->
    <!-- Configurações do Atlante                                                                                   -->
    <!-- ========================================================================================================== -->


    <bean id="jvmIdentifier" class="br.org.cipbancos.atlante.api.JVMIdentifier">
        <property name="jvmsIdentifiers">
            <list>
                <value>API1A</value>
            </list>
        </property>
    </bean>

    <!-- ========================================================================================================== -->
    <!-- Configurações do Atlante                                                                                   -->
    <!-- ========================================================================================================== -->

    <!--
      | AtlanteConfig - Configurações gerais do Atlante
      |
      | partyId - PartyID do sistema Atlante.
      | partyIdToDomain - Mapeamento de party id para dominio. Toma precedencia
      |                   sobre o dominio padrao mapeado nos canais.
      | varbinarySizeInBytes - tamanho do segmentos varbinary
      | compressSerializedData - Comprime os dados serializados (JobData e DeliverablePart)
      | enableSimon - Habilita a execução do simon no ambiente (true/false)
    -->
    <bean id="atlanteConfig" class="br.org.cipbancos.atlante.config.AtlanteConfig"
          p:protocolVersion="2"
          p:partyId="29011780"
          p:varbinarySizeInBytes="30720"
          p:compressSerializedData="true"
          p:enableSimon="true">

          
        <property name="messageListenerContainerCacheLevel" value="CACHE_NONE"/>
       
        <!--IBMMQ
        <property name="destinationPrefix" value="queue:///"/>
        <property name="nonJmsDestinationProperty" value="?targetClient=1"/>
        <property name="useIbmJmsProperties" value="true"/>
        IBM-MQ-->

        <!-- Configuração para Apache ActiveMQ Artemis -->
        <!--ARTEMIS
        <property name="messageListenerContainerCacheLevel" value="CACHE_NONE"/>
        <property name="destinationPrefix" value=""/>
        <property name="nonJmsDestinationProperty" value=""/>
        <property name="useIbmJmsProperties" value="false"/>
        ARTEMIS-->

        <property name="schedulerHttpTransmitLoopTimeout" value="1000" />
        <property name="checkReloadFrequencyHttpTransmitLoop" value="30" />
        <property name="schedulerProcesOutputHttpResponsePending" value="1000" />

        <!-- Tamanho máximo do open_data gravado em banco de dados para arquivos -->
        <property name="fileOpenDataSizeBytes" value="16384"/>

        <!-- Mapeamento de party id para dominio (opcional) -->
        <property name="partyIdToDomain">
            <map>
                <!-- Exemplo de mapeamento:
                <entry key="11111111" value="DOMAIN"/>
                -->
            </map>
        </property>

        <!-- Mapeamento de prefixo do dataTypeId para dominio (opcional) -->
        <property name="dataTypePrefixToDomain">
            <map>
                <!-- Exemplo de mapeamento:
                <entry key="ADDA001" value="DOMAIN"/>
                -->
            </map>
        </property>

        <!-- Lista de configurações de transportType -->
        <property name="transportTypeConfigList">
            <bean class="br.org.cipbancos.atlante.config.TransportTypeConfig">
                <property name="transportType" value="B"/>
                <property name="securityHeader" value="false"/>
                <property name="outputPathPrefix" value="/tmp/filetransfer/out/mbx"/>
            </bean>
        </property>

        <!-- Mapeamento da versão do NUOP (logicalIdentifier) por domínio -->
        <property name="logicalIdentifierVersionByDomain">
            <map value-type="br.org.cipbancos.atlante.config.LogicalIdentifierVersion">
                <!-- Exemplo de Configuração
					<entry key="MES01" value="VERSION_1"/>
                    <entry key="MES02" value="VERSION_2"/>
                -->
            </map>
        </property>

        <property name="spbEncoding">
            <bean class="br.org.cipbancos.atlante.config.SpbEncodingConfig">
                <property name="defaultEncoding" value="UTF-8"/>
                <property name="partyConfig">
                    <map>
                        <!--
                        <entry key="00360305">
                            <bean class="br.org.cipbancos.atlante.config.PartyConfig">
                                <property name="encoding" value="UTF-8"/>
                            </bean>
                        </entry>
                        <entry key="00360305_SPB02">
                            <bean class="br.org.cipbancos.atlante.config.PartyConfig">
                                <property name="encoding" value="UTF-16BE"/>
                            </bean>
                        </entry>
                        <entry key="90400888_SPB01">
                            <bean class="br.org.cipbancos.atlante.config.PartyConfig">
                                <property name="encoding" value="UTF-8"/>
                            </bean>
                        </entry>
                        -->
                    </map>
                </property>
            </bean>
        </property>

        <property name="replyToAnotherQmgr">
            <map>
                <entry key="00038166">
                    <bean class="br.org.cipbancos.atlante.config.ReplyToConfig">
                        <property name="queueManager" value="QM.BACEN"/>
                        <property name="queue" value="QL.RSP.29011780.90400888.01"/>
                    </bean>
                </entry>
            </map>
        </property>

        <property name="checkInvalidChars" value="false"/>

        <!--
           | Por default o valor desse atributo é true
           | Somente deve alterado caso haja a necessidade de utilizar um nome fora do padrão do atlante
        -->
        <property name="useDefaultFileNamePattern" value="true"/>

        <!--
           | Por default o valor desse atributo é {1}_{2}_{3}_{4}
        -->
        <property name="defaultFileNamePattern" value="{1}_{2}_{3}_{4}"/>

        <!--
           | Esse atributo é opcional
           | Somente deve alterado caso haja a necessidade de utilizar um nome fora do padrão do atlante
           | Nesse novo modelo pode-se passar o padrão de nome e as disposições da informação
           | ATENÇÃO: Seguir a legenda a risca para os campos que são obrigatórios para montar o nome do arquivo
           | Para demais campos adicionais passar um regex valido.
	            LEGENDA: {1} DataType
                         {2} ISPB/PartyId
                         {3} Data
                         {4} Sequencial

        -->
        <property name="customFileNamePattern" value="{1}_{2}_{3}_{4}"/>

        <!--
            | Nesse atributo encontra-se os campos obrigatórios para montar um nome de arquivo
        -->
        <property name="obrigatoryInfosFileName">
            <map>
                <entry key="dataType" value="1"/>
                <entry key="partyId" value="2"/>
                <entry key="dataReferencia" value="3"/>
                <entry key="sequencial" value="4"/>
            </map>
        </property>

        <!--
            | Nesse atributo encontra-se os REGEX de validação dos campos obrigatórios no nome do arquivo.
            | Em caso de campos adicionais, será usado o regex passado no atributo customFileNamePattern para realizar a validação da informação
        -->
        <property name="fileNamePatternsRules">
            <map>
                <entry key="dataType" value="[A-Z]{4}\d{3}"/>
                <entry key="partyId" value="\d{8}"/>
                <entry key="dataReferencia" value="\d{8}"/>
                <entry key="sequencial" value="\d"/>
            </map>
        </property>

        <!--
            | Nesse atributo encontra-se os tipos de separadores validos para o atlante
        -->
        <property name= "validFileNameSeparatorList">
            <util:list id="validFileNameSeparatorList" value-type="java.lang.Character">
                <value>_</value>
                <value>.</value>
                <value>-</value>
            </util:list>
        </property>

        <!--
           | Por default o valor desse atributo é _ (underscore)
           | Somente deve alterado caso haja a necessidade de utilizar um separador diferente do padrão do atlante
        -->
        <property name= "fileNameSeparator" value="_" />

        <property name="spbCompressConfigurationList">
            <list>
                <!--
                <bean class="br.org.cipbancos.atlante.config.SpbCompressConfiguration">
                    <property name="parties">
                        <list>
                            <value>00000000</value>
                        </list>
                    </property>
                    <property name="datatypes">
                        <list>
                            <value>RRC0015</value>
                        </list>
                    </property>
                    <property name="compress" value="true"/>
                </bean>
                -->
            </list>
        </property>

        <property name="participantesLayoutConfiguration">
            <list>
                <bean class="br.org.cipbancos.atlante.config.ParticipanteLayauteConfig">
                    <property name="parties">
                        <list>
                            <value>1231231</value>
                        </list>
                    </property>
                    <property name="breakLine" value="false"/>
                    <property name="ident" value="false"/>
                </bean>
            </list>
        </property>

    </bean>

</beans>
