<?xml version="1.0" encoding="UTF-8"?>
<beans xmlns="http://www.springframework.org/schema/beans"
       xmlns:xsi="http://www.w3.org/2001/XMLSchema-instance"
       xmlns:context="http://www.springframework.org/schema/context"
       xsi:schemaLocation="http://www.springframework.org/schema/beans http://www.springframework.org/schema/beans/spring-beans.xsd
       http://www.springframework.org/schema/context http://www.springframework.org/schema/context/spring-context.xsd">

    <!--
    TODO: ARRUMAR O BEAN CRIADO NA MAO
    NA CLASSE AtlanteConfigBean.java

    <context:annotation-config />
    <bean name="atlanteConfigBean" class="br.org.cipbancos.atlante.config.AtlanteConfigBean" />

    -->

    <!---
     |   Configuração dos modulo de configuracao via json
    -->
    <context:annotation-config/>
    <context:component-scan base-package="br.org.cip.arche.commons.components.dynamic.configuration"/>
    <context:component-scan base-package="br.org.cip.arche.commons.components.baserepository"/>
    <context:component-scan base-package="br.org.cip.arche.commons.email"/>
    <context:component-scan base-package="br.org.cip.arche.commons.library.json" />
    <context:component-scan base-package="br.org.cip.arche.commons.serialization"/>
    <context:component-scan base-package="br.org.cipbancos.dispatcher"/>
    <context:component-scan base-package="br.org.cipbancos.atlante.common.api.application"/>
    <context:component-scan base-package="br.org.cip.arche.security.http.client.credentials"/>
    <context:component-scan base-package="br.org.cip.arche.commons.serialization"/>
    <context:component-scan base-package="br.org.cipbancos.atlante.output.http"/>
	<context:component-scan base-package="br.org.cipbancos.atlante.data.log" />



</beans>
