<?xml version="1.0" encoding="UTF-8"?>
<beans xmlns="http://www.springframework.org/schema/beans"
       xmlns:xsi="http://www.w3.org/2001/XMLSchema-instance"
       xsi:schemaLocation="http://www.springframework.org/schema/beans http://www.springframework.org/schema/beans/spring-beans.xsd">

    <bean id="cftConfig" class="br.org.cipbancos.atlante.config.CftConfig">
        <property name="environmentScripts">
            <list>
                <value>/home/exemplo/Axway/Transfer_CFT/runtime/profile</value>
            </list>
        </property>

        <property name="atlanteAlias" value="ABACAXI_EXEMPLO"/>
        <property name="idfOutput" value="IFTOCIP"/>

        <property name="connectionConfig">
            <bean class="br.org.cipbancos.atlante.config.CftConnectionConfig">
                <property name="host" value="abacaxi"/>
                <property name="port" value="22"/>
                <property name="user" value="exemplo"/>
                <property name="password" value="tivit123"/>

                <property name="poolMaxTotal" value="1"/>
                <property name="poolMaxIdle" value="1"/>
                <property name="poolMinIdle" value="1"/>
                <property name="validateConnection" value="false"/>
            </bean>
        </property>

    </bean>

</beans>
