<?xml version="1.0" encoding="UTF-8"?>
<beans xmlns="http://www.springframework.org/schema/beans"
       xmlns:xsi="http://www.w3.org/2001/XMLSchema-instance"
       xsi:schemaLocation="http://www.springframework.org/schema/beans http://www.springframework.org/schema/beans/spring-beans.xsd">

    <!-- ========================================================================================================== -->
    <!-- Confirmação                                                                                                              -->
    <!-- ========================================================================================================== -->

    <!--
      | Confirmation Config - Configurações do canal de confirmação
    -->
    <bean id="confirmationConfig" class="br.org.cipbancos.atlante.config.ConfirmationConfig">

        <property name="channelMask" value="QL.REP.{destinationPartyId}.{senderPartyId}.01"/>
        <property name="newConfirmationMode" value="true"/>
        <property name="disableCodRequest" value="true"/>
        <property name="disableTransaction" value="true"/>

        <property name="listeners">
            <list>
                <bean class="br.org.cipbancos.atlante.config.ConfirmationListenerConfig">
                    <property name="channelName" value="ATL.CONFIRMATION"/>
                    <property name="concurrentConsumers" value="1"/>
                    <property name="maxConcurrentConsumers" value="1"/>
                </bean>
            </list>
        </property>
    </bean>
</beans>
