<?xml version="1.0" encoding="UTF-8"?>
<beans xmlns="http://www.springframework.org/schema/beans"
       xmlns:xsi="http://www.w3.org/2001/XMLSchema-instance"
       xmlns:util="http://www.springframework.org/schema/util"
       xmlns:p="http://www.springframework.org/schema/p"
       xsi:schemaLocation="http://www.springframework.org/schema/beans http://www.springframework.org/schema/beans/spring-beans.xsd
                           http://www.springframework.org/schema/util http://www.springframework.org/schema/util/spring-util.xsd">

    <!-- ========================================================================================================== -->
    <!-- Configurações do Connect:Direct                                                                            -->
    <!-- ========================================================================================================== -->

    <!--
      | Connect Direct Config - Configurações referentes ao Connect:Direct
      | timeoutStatsSecondsonds - It sets the timeout for connect direct statistics command
      | timeoutExecSecondsonds - It sets the timeout for connect direct exec command
      | delayBeforeUse - "RANDOM" para um tempo randomico entre 100ms e 600ms ou um valor numerico (milisegundos) de
      |                  delay para execução dos comandos no connect
      | instanceSelectionStrategy - PRIORITY_BY_PARTY_ID: select instance by the partyIds property on each instance
      |                             ROUND_ROBIN: every submit will be in a different node
      |                             FIXED: The partyId will be sent only to the configured instance, without fallback
    -->

    <bean id="connectDirectConfig" class="br.org.cipbancos.atlante.config.ConnectDirectConfig"
          p:timeoutStatsSeconds="20"
          p:timeoutExecSeconds="20"
          p:delayBeforeUse="RANDOM"
          p:instanceSelectionStrategy="PRIORITY_BY_PARTY_ID">

        <!--
        | Connect Direct Connection Config - Configurações referentes a conexao ao Connect:Direct
        | node - nome do node Connect:Direct
        | host - endereço do node Connect:Direct
        | port - porta do node
        | user - usuario administrativo
        | password - senha do usuário
        | poolMaxWaitMillis - Sets the maximum amount of time (in milliseconds) the borrowObject() method should block
        |                     before throwing an exception when the pool is exhausted. When less than 0, the
        |                     borrowObject() method may block indefinitely.
        | poolMaxTotal - Sets the cap on the number of objects that can be allocated by the pool (checked out to clients,
        |                or idle awaiting checkout) at a given time. Use a negative value for no limit.
        | poolMaxIdle - Returns the cap on the number of "idle" instances in the pool. If maxIdle is set too low on
        |               heavily loaded systems it is possible you will see objects being destroyed and almost immediately
        |               new objects being created. This is a result of the active threads momentarily returning objects
        |               faster than they are requesting them them, causing the number of idle objects to rise above
        |               maxIdle.
        | poolMinIdle - Sets the target for the minimum number of idle objects to maintain in the pool. This setting only
        |               has an effect if it is positive and getTimeBetweenEvictionRunsMillis() is greater than zero.
        |               If this is the case, an attempt is made to ensure that the pool has the required minimum number
        |               of instances during idle object eviction runs.
        | poolTimeBetweenEvictionRunsMillis - Sets the number of milliseconds to sleep between runs of the idle object
        |                                     evictor thread. When non-positive, no idle object evictor thread will be run.
        | poolMinEvictableIdleTimeMillis - Sets the minimum amount of time an object may sit idle in the pool before it is
        |                                  eligible for eviction by the idle object evictor. When non-positive, no objects
        |                                  will be evicted from the pool due to idle time alone.
        | validateConnection - Whether the connection should be validate every time it's borrowed from the pool
        | partyIds - PartyIds to be used on this instance when the configuration instanceSelectionStrategy
        |            is PRIORITY_BY_PARTY_ID or FIXED
        -->
        <property name="instances">
            <util:map map-class="java.util.LinkedHashMap">
                <entry key="instance01">
                    <bean class="br.org.cipbancos.atlante.config.ConnectDirectConnectionConfig"
                          p:node="adzubla"
                          p:host="10.0.132.107"
                          p:port="1363"
                          p:user="ziba"
                          p:password="ENC(zPFrc2dQuY7uEPe60iB2EuZDfjOi3+q3)"
                          p:poolMaxWaitMillis="10000"
                          p:poolMaxTotal="-1"
                          p:poolMaxIdle="3"
                          p:poolMinIdle="1"
                          p:poolTimeBetweenEvictionRunsMillis="60000"
                          p:poolMinEvictableIdleTimeMillis="3600000"
                          p:validateConnection="true">

                        <property name="partyIds">
                            <list>
                                <value>0</value>
                                <value>90400888</value>
                            </list>
                        </property>

                    </bean>
                </entry>
                <!--
                <entry key="instance02">
                    <bean class="br.org.cipbancos.atlante.config.ConnectDirectConnectionConfig"
                          p:node="adzubla"
                          p:host="10.0.132.107"
                          p:port="1363"
                          p:user="ziba"
                          p:password="ENC(zPFrc2dQuY7uEPe60iB2EuZDfjOi3+q3)"
                          p:poolMaxWaitMillis="10000"
                          p:poolMaxTotal="-1"
                          p:poolMaxIdle="3"
                          p:poolMinIdle="1"
                          p:poolTimeBetweenEvictionRunsMillis="60000"
                          p:poolMinEvictableIdleTimeMillis="3600000"
                          p:validateConnection="true">

                        <property name="partyIds">
                            <list>
                                <value>360100</value>
                            </list>
                        </property>

                    </bean>
                </entry>
                -->
            </util:map>
        </property>

    </bean>

</beans>
