<?xml version="1.0" encoding="UTF-8"?>
<beans xmlns="http://www.springframework.org/schema/beans"
       xmlns:xsi="http://www.w3.org/2001/XMLSchema-instance"
       xmlns:jee="http://www.springframework.org/schema/jee"
       xsi:schemaLocation="http://www.springframework.org/schema/beans http://www.springframework.org/schema/beans/spring-beans.xsd
                           http://www.springframework.org/schema/jee http://www.springframework.org/schema/jee/spring-jee.xsd">

    <!--
    Exemplo:
    <jee:jndi-lookup id="atlanteDataSourceDefault" jndi-name="jdbc/ATL_SYS"/>
    <jee:jndi-lookup id="atlanteDataSource1" jndi-name="jdbc/ATL_SYS_1"/>
    <jee:jndi-lookup id="atlanteDataSource2" jndi-name="jdbc/ATL_SYS_2"/>

    <bean id="atlanteDataSource" class="br.org.cipbancos.atlante.jdbc.lookup.DataSourceRouter">
        <property name="targetDataSources">
            <map>
                <entry key="0" value-ref="atlanteDataSource1"/>
                <entry key="1" value-ref="atlanteDataSource2"/>
            </map>
        </property>
    </bean>
    -->

    <!-- jee:jndi-lookup id="atlanteDataSourceDefault" jndi-name="jdbc/ATL_SYS"/-->

    <bean id="atlanteDataSource" class="br.org.cipbancos.atlante.jdbc.SimonDelegatingDataSource">
        <property name="enableSimon" value="true"/>
        <property name="simonDataSource">
            <bean class="org.javasimon.jdbcx4.WrappingSimonDataSource">
                <property name="dataSource">
                    <bean class="br.org.cipbancos.atlante.jdbc.lookup.DataSourceRouter">
                        <property name="targetDataSources">
                            <map>
                            </map>
                        </property>
                        <property name="defaultTargetDataSource" ref="atlanteDataSourceDefault"/>
                    </bean>
                </property>
                <property name="prefix" value="STATS.ATLDB"/>
            </bean>
        </property>
    </bean>

</beans>