<?xml version="1.0" encoding="UTF-8"?>
<beans xmlns="http://www.springframework.org/schema/beans"
       xmlns:xsi="http://www.w3.org/2001/XMLSchema-instance"
       xsi:schemaLocation="http://www.springframework.org/schema/beans http://www.springframework.org/schema/beans/spring-beans.xsd">

    <!-- ========================================================================================================== -->
    <!-- Configurações do EventPublisher                                                                            -->
    <!-- ========================================================================================================== -->

    <!--
      | EventPublisherConfig - Configurações do envio de eventos Atlante para um servidor WSO2 CEP
      |
      | enabled - habilita o envio de eventos
      | agentName - nome do Data Agent
      | agentConfig - arquivo de configuração do WSO2 CEP, com o path completo
      | host - hostname do servidor WSO2
      | port - porta do servidor WSO2
      | username - usuário do servidor WSO2
      | password - senha do servidor WSO2
      | publishTimeout -
      | systemCode - codigo do sistema
    -->
    <bean id="eventPublisherConfig" class="br.org.cipbancos.atlante.config.EventPublisherConfig">
        <property name="enabled" value="false"/>
        <property name="agentName" value="thrift"/>
        <property name="agentConfig" value="${atlante.config.path}/wso2-agent-config.xml"/>
        <property name="url" value="tcp://localhost:7621"/>
        <property name="username" value="admin"/>
        <property name="password" value="admin"/>
        <property name="publishTimeout" value="2"/>
        <property name="systemCode" value="NPC"/>
    </bean>

</beans>
