<?xml version="1.0" encoding="UTF-8"?>
<beans xmlns="http://www.springframework.org/schema/beans"
       xmlns:xsi="http://www.w3.org/2001/XMLSchema-instance"
       xmlns:p="http://www.springframework.org/schema/p"
       xsi:schemaLocation="http://www.springframework.org/schema/beans http://www.springframework.org/schema/beans/spring-beans.xsd">

    <!-- ========================================================================================================== -->
    <!-- File Transmission					                                                                        -->
    <!-- ========================================================================================================== -->

    <bean id="configByDataTypeBean" abstract="true" class="br.org.cipbancos.atlante.config.FileTransmissionConfigByDataType" />

    <!--
      | File Transmission Config - Configurações do módulo de envio de arquivos
      |
      | destinationName - Nome da fila de envio
      | concurrentConsumers - Número mínimo de consumidores concorrentes.
      | maxConcurrentConsumers - Número máximo de consumidores concorrentes.
      | receiveTimeout - Timeout de recebimento de mensagens, em milisegundos
      | recoveryInterval - Tempo de recuperação para listeners indisponíveis, em milisegundos
      | httpFileNotifyTimeoutSeconds - timeout em segundos para o limite da execução do receive ou transmit do arquivo
      | filePhysicalChannelName - Nome da fila de processamento do arquivo
    -->

    <bean id="fileTransmissionConfig" class="br.org.cipbancos.atlante.config.FileTransmissionConfig"
          p:destinationName="ATL.OUT.TRANS"
          p:concurrentConsumers="1"
          p:maxConcurrentConsumers="4"
          p:receiveTimeout="10000"
          p:recoveryInterval="60000"
          p:httpFileNotifyTimeoutSeconds="30"
          p:filePhysicalChannelName="ATL.IN.FT"
          p:selStatRetroactiveTimeHour="3"
            >

        <!--
        Lista de TransportTypes que tem integração nativa a transmissão de arquivos
        Para esses arquivos, o connector-ft será invocado, e não será gerado o arquivo DONE correspondente
        -->
        <property name="enabledTransportTypes">
            <list>
                <!--
                <value>C</value>
                <value>X</value>
                -->
            </list>
        </property>

        <!-- Determina qual o diretorio padrão de recebimento de arquivos para cada transport type -->
        <property name="incomingPath">
            <map>
                <!-- Exemplo:
                <entry key="C" value="/MIFS/npc/filetransfer/swap/cd/in"/>
                <entry key="X" value="/MIFS/npc/filetransfer/swap/xfb/in"/>
                -->
            </map>
        </property>

        <!--
        Default: inclui todos os arquivos
        Exemplo: inclui apenas os arquivos que começam com ADDA
        -->
        <!--
        <property name="inputIncludeFileNames" value="^ADDA"/>
        -->

        <!--
        Default: não exclui nenhum arquivo
        Exemplo: exclui arquivos que comecam com "test", "Test", ou "TEST"
        -->
        <!--
        <property name="inputExcludeFileNames" value="^[Tt][Ee][Ss][Tt]"/>
        -->

        <!--
        ConfigByDataType - configurações de envio de arquivos por participante. Necessário apenas para participantes
        onde o nome do arquivo destino for diferente do padrão.

        FileTransmissionConfigByDataType - lista de configurações para cada dataType que precisa de uma configuração customizada.

        dataType - data type sendo configurado.
        sendFile - boolean que define se esse tipo de earquivo será enviado ou não.
        mask - Máscara usada para transformar o nome do arquivo de saída. Descrição:

            O nome do arquivo original é separado em tokens separados por "_" e gera parâmetros identificados na máscara
            com o formato {n}, onde n é a ordem do token.

            Exemplo: O nome de arquivo "ASCC001_12345678_20150226_00001_RET" vai gerar os parâmetros abaixo
            {1} - ASCC001
            {2} - 12345678
            {3} - 20150226
            {4} - 00001
            {5} - RET

            Tambem estão disponíveis os parâmetros pre-definidos:

            {DATA_TYPE} - O dataTypeId do arquivo de saída
            {PARTY_ID} - O partyid formatado como ISPB (8 caracteres, com zeros a esquerda)
            {TRANSPORT_TYPE} - O código do transportType (C - Connect:Direct, X - CFT)</li>
            {DATE:format} - A data e hora corrente no formato especificado. O formato é o mesmo usado em SimpleDateFormat
                Exemplos: {DATE:yyMMdd} - a data corrente no formato yyMMdd
                          {DATE:HH} - apenas a hora corrente
            {SUBSTR:n,beginIndex,endIndex} - pega uma substring do parâmetro n. A substring começa em beginIndex e vai até o caracter na posição endIndex-1.
                Exemplo: {SUBSTR:1,1,4} - transforma o parâmetro {1} ("ASCC001") em "SCC"
        -->
        <property name="configByDataType">
            <map>
                <!-- Exemplo de mapeamento:
                <entry key="C">
                    <map>
                        <entry key="360305">
                            <list>
                                <bean parent="configByDataTypeBean" p:dataType="ASCC001PRO" p:mask="CNT.GEC.MZ.BBA2.ASCC001P.D{DATE:yyMMdd}.S{4}"/>
                                <bean parent="configByDataTypeBean" p:dataType="ASCC001RET" p:mask="CNT.GEC.MZ.BBA2.ASCC001R.D{DATE:yyMMdd}.S{4}"/>
                                <bean parent="configByDataTypeBean" p:dataType="ASCC001ERR" p:mask="CNT.GEC.MZ.BBA2.ASCC001E.D{DATE:yyMMdd}.S{4}"/>
                                <bean parent="configByDataTypeBean" p:dataType="ASCC002" p:mask="CNT.GEC.MZ.BBA2.ASCC002R.D{DATE:yyMMdd}.S{4}"/>
                                <bean parent="configByDataTypeBean" p:dataType="ASCC003PRO" p:sendFile="false"/>
                            </list>
                        </entry>
                        <entry key="60746948">
                            <list>
                                <bean parent="configByDataTypeBean" p:dataType="ASCC013PRO" p:mask="MV.CIPR.MEMD.NDMR.ASCC013P.T{4}{DATE:HH}"/>
                                <bean parent="configByDataTypeBean" p:dataType="ASCC013RET" p:mask="MV.CIPR.MEMD.NDMR.ASCC013R.T{4}{DATE:HH}"/>
                                <bean parent="configByDataTypeBean" p:dataType="ASCC013ERR" p:mask="MV.CIPR.MEMD.NDMR.ASCC013E.T{4}{DATE:HH}"/>
                            </list>
                        </entry>
                    </map>
                </entry>
                -->
            </map>
        </property>

        <!--
        Esta propriedade mapeia o nome do "node" (C:D) para o partyId correspondente.
        Se o partyId não for encontrado pelo nome do arquivo, ele será inferido a partir desta configuração.
        -->
        <property name="aliasToPartyId">
            <map>
                <entry key="PRODESPC" value="123"/>
                <entry key="SCC_90400888" value="90400888"/>
                <entry key="SPPREVPROD" value="456789"/>
            </map>
        </property>
    </bean>

</beans>
