<?xml version="1.0" encoding="UTF-8"?>
<beans xmlns="http://www.springframework.org/schema/beans"
       xmlns:util="http://www.springframework.org/schema/util"
       xmlns:xsi="http://www.w3.org/2001/XMLSchema-instance"
       xsi:schemaLocation="http://www.springframework.org/schema/beans http://www.springframework.org/schema/beans/spring-beans.xsd
                           http://www.springframework.org/schema/util http://www.springframework.org/schema/util/spring-util.xsd">

    <!-- ========================================================================================================== -->
    <!-- Configurações do comando force-output (Atlante Admin)                                                      -->
    <!-- ========================================================================================================== -->

    <!--
      | ForceOutputConfig - Configurações gerais para o comando force-output.
      |
      | dataTypeToConfig - Mapa que relaciona data-types com sua configuração de force-output.
    -->
    <bean id="forceOutputConfig" class="br.org.cipbancos.atlante.admin2.config.ForceOutputConfig"
          init-method="validateConfiguration">
        <property name="dataTypeToConfig">
            <util:map>

                <!--
                  | ForceOutputTypeConfig - Configuração de um data-type para o force-output.
                  |
                  | errorTagName        - Nome da tag onde o código de erro deve ser colocado.
                  | errorAttributeName  - Atributo do código de erro.
                  | errorCode           - Valor do código de erro.
                  | tagsToRename        - Mapa de tags que devem ser renomeadas (origem -> destino).
                -->

                <!-- =============================================================================================== -->
                <!-- Exemplo para o DDA -->
                <!-- =============================================================================================== -->
                <!--
                <entry key="ADDA001">
                    <bean class="br.org.cipbancos.atlante.admin2.config.ForceOutputTypeConfig"
                          p:errorTagName="NumCtrlReqIF"
                          p:errorAttributeName="CodErro"
                          p:errorCode="EGEN0155">
                        <property name="tagsToRename">
                            <util:map>
                                <entry key="Grupo_ADDA001_SacdEletrnc" value="Grupo_ADDA001RET_SacdRecusado"/>
                                <entry key="Repet_ADDA001_Agrgd" value="Repet_ADDA001RET_Agrgd"/>
                                <entry key="Grupo_ADDA001_Agrgd" value="Grupo_ADDA001RET_Agrgd"/>
                            </util:map>
                        </property>
                    </bean>
                </entry>
                <entry key="ADDA101">
                    <bean class="br.org.cipbancos.atlante.admin2.config.ForceOutputTypeConfig"
                          p:errorTagName="NumCtrlReqIF"
                          p:errorAttributeName="CodErro"
                          p:errorCode="EGEN0155">
                        <property name="tagsToRename">
                            <util:map>
                                <entry key="Grupo_ADDA101_Tit" value="Grupo_ADDA101RET_TitRecusado"/>
                                <entry key="Grupo_ADDA101_Baixa" value="Grupo_ADDA101RET_Baixa"/>
                                <entry key="Grupo_ADDA101_DetTit" value="Grupo_ADDA101RET_DetTit"/>
                                <entry key="Grupo_ADDA101_JurosTit" value="Grupo_ADDA101RET_JurosTit"/>
                                <entry key="Grupo_ADDA101_MultaTit" value="Grupo_ADDA101RET_MultaTit"/>
                                <entry key="Repet_ADDA101_DesctTit" value="Repet_ADDA101RET_DesctTit"/>
                                <entry key="Repet_ADDA101_NotaFis" value="Repet_ADDA101RET_NotaFis"/>
                                <entry key="Repet_ADDA101_InfCliCed" value="Repet_ADDA101RET_InfCliCed"/>
                                <entry key="Grupo_ADDA101_DesctTit" value="Grupo_ADDA101RET_DesctTit"/>
                                <entry key="Grupo_ADDA101_NotaFis" value="Grupo_ADDA101RET_NotaFis"/>
                            </util:map>
                        </property>
                    </bean>
                </entry>
                <entry key="ADDA104">
                    <bean class="br.org.cipbancos.atlante.admin2.config.ForceOutputTypeConfig"
                          p:errorTagName="NumCtrlReqIF"
                          p:errorAttributeName="CodErro"
                          p:errorCode="EGEN0155">
                        <property name="tagsToRename">
                            <util:map>
                                <entry key="Grupo_ADDA104_Tit" value="Grupo_ADDA104RET_TitRecusado"/>
                                <entry key="Grupo_ADDA104_Alegc" value="Grupo_ADDA104RET_Alegc"/>
                                <entry key="Grupo_ADDA104_Terc" value="Grupo_ADDA104RET_Terc"/>
                                <entry key="Repet_ADDA104_CodAlegc" value="Repet_ADDA104RET_CodAlegc"/>
                            </util:map>
                        </property>
                    </bean>
                </entry>
                -->

            </util:map>
        </property>
    </bean>

</beans>
