<?xml version="1.0" encoding="UTF-8"?>
<beans xmlns="http://www.springframework.org/schema/beans"
       xmlns:xsi="http://www.w3.org/2001/XMLSchema-instance"
       xmlns:p="http://www.springframework.org/schema/p"
       xsi:schemaLocation="http://www.springframework.org/schema/beans http://www.springframework.org/schema/beans/spring-beans.xsd">

    <!-- ========================================================================================================== -->
    <!-- Canal de Entrada "HTTP"                                                                           -->
    <!-- ========================================================================================================== -->

    <!--
      | HTTP Transport Config - Configurações da camada de transporte HTTP
      |
      | domain - Dominio default adotado por canais que usam esse transporte.
      | priority - Priority default adotado por canais que usam esse transporte.
      | transactionTimeout - Timeout das transacoes (em segundos). Default em -1
      | defaultPriority - Prioridade default para criacao de subBatches a partir do canal HTTP
    -->
    <bean id="wsHttpTransportConfig" class="br.org.cipbancos.atlante.config.HttpTransportConfig"
          p:domain="MES01"
          p:transactionTimeout="30"
          p:channelType="WEB_SERVICE"
          p:protocolType="WS"
          p:defaultPriority="0"/>

    <bean id="jsonHttpTransportConfig" class="br.org.cipbancos.atlante.config.HttpTransportConfig"
		  p:domain="MES01"
		  p:transactionTimeout="300"
		  p:channelType="JSON_SERVICE"
		  p:acceptOnlyHttps="false"
		  p:protocolType="JS"
		  p:partyIdHeaderIsMandatory="false"
		  p:operatorIdHeaderIsMandatory="false"
		  p:referenceDateIsMandatory="false"
		  p:partyAdminIdIsMandatory="false"
		  p:swaggerDataType="true"
		  p:unknownDataTypeId="UNKNOWN"
		  p:correlationLogicalIdIsMandatory="false"

		  p:defaultPriority="0">
		<property name="dataTypeUriMapping">
			<list>
				<bean class="br.org.cipbancos.atlante.config.HttpMethodUriDataType">
					<constructor-arg index="0" value="POST"/>
					<constructor-arg index="1" value="/oauth/token" />
					<constructor-arg index="2" value="LOGIN" />
				</bean>
				<!--
				<bean class="br.org.cipbancos.atlante.config.HttpMethodUriDataType">
					<constructor-arg index="0" value="DELETE"/>
					<constructor-arg index="1" value="/anuencias" />
					<constructor-arg index="2" value="RRC0013" />
				</bean>
				-->
			</list>
		</property>
	</bean>

</beans>
