<?xml version="1.0" encoding="UTF-8"?>
<beans xmlns="http://www.springframework.org/schema/beans"
       xmlns:xsi="http://www.w3.org/2001/XMLSchema-instance"
       xmlns:p="http://www.springframework.org/schema/p"
       xmlns:util="http://www.springframework.org/schema/util"
       xsi:schemaLocation="http://www.springframework.org/schema/beans http://www.springframework.org/schema/beans/spring-beans.xsd
       http://www.springframework.org/schema/util http://www.springframework.org/schema/util/spring-util.xsd">

    <!-- ========================================================================================================== -->
    <!-- Canal de Entrada "File Transfer"                                                                           -->
    <!-- ========================================================================================================== -->

    <!--
      | FT Input Channel Config - Configurações do canal de entrada de arquivos.
      |
      | protocolId - Identificador do protocolo configurado para este canal.
      | domain - Dominio deste canal.
      | priority - Prioridade default para o canal.
      | brokerJobsPerTransaction - Quantidade de jobs que serão guardados em cache para cada transação.
      | brokerRecordsPerJob - Quantidade records por jobs.
      | httpFileReceiveTimeoutSeconds - timeout em segundos para o limite da execução do receive do arquivo
      | receivedFileCleanStrategy - Estrategia de limpeza dos arquivos de entrada (DO_NOTHING, REMOVE, MOVE).
      | movedFileNamePattern - Padrão para geração do nome do arquivo. É obrigatorio quando receivedFileCleanStrategy = MOVE.
      |                        Pode informar as seguintes chaves: {file} e {ispb}. A chave {file} é obrigatória.
    -->
    <bean id="ftInputChannelConfig" class="br.org.cipbancos.atlante.config.InputChannelConfig"
          p:protocolId="SPBProtocol"
          p:domain="MES01"
          p:priority="1"
          p:brokerJobsPerTransaction="10"
          p:brokerRecordsPerJob="100"
          p:httpFileReceiveTimeoutSeconds="30"
          p:receivedFileCleanStrategy="DO_NOTHING"
          p:movedFileNamePattern="{file}.PROCESSED"/>

    <!--
      | FT Input Transport Config - Configurações de transporte (JMS) do canal de entrada de arquivos
      |
      | physicalChannelName - Máscara para formar o nome da fila de entrada.
      | transportReceiveTimeout - Tempo em milisegundos de espera por uma mensagem na fila de entrada.
      | transportRecoveryInterval - Tempo em milisegundos entre a tentativa de recuperação de um listener.
    -->
    <bean name="ftInputTransportConfig" class="br.org.cipbancos.atlante.config.InputTransportConfig"
          p:physicalChannelName="ATL.IN.FT"
          p:transportReceiveTimeout="10000"
          p:transportRecoveryInterval="60000">

        <!--
          | jmsListenerConfigList - configura listener JMS para as notificações de chegada de arquivo
        -->
        <property name="jmsListenerConfigList">
            <list>

                <!--
                  | Este listener recebe as notificações de que um arquivo está pronto para ser processado pelo Atlante.
                  |
                  | stimulusType - Identifica o tipo de estimulo recebido pelo canal (1=Request, 2=Response)
                  | concurrentConsumers - Número de Threads de consumidores da fila de entrada que serão criadas inicialmente.
                  | maxConcurrentConsumers - Número máximo de Threads de consumidores da fila de entrada que poderão ser criadas.
                  | partyId - Identificador do participante que se comunica através do canal de entrada.
                  | priority - Prioridade para as mensagens recebidas por este listener.
                  | singleTransactionSizeLimit - Tamanho limite (em bytes) após o qual as partes da mensagem serão inseridas no DB em transações diferentes.
                -->
                <bean class="br.org.cipbancos.atlante.config.InputMessageListenerConfig"
                      p:stimulusType="1"
                      p:concurrentConsumers="1"
                      p:maxConcurrentConsumers="1"
                      p:singleTransactionSizeLimit="1024">
                    <property name="partyId">
                        <util:property-path path="atlanteConfig.partyId"/>
                    </property>
                    <property name="priority">
                        <util:property-path path="ftInputChannelConfig.priority"/>
                    </property>
                </bean>

            </list>
        </property>
    </bean>

</beans>
