<?xml version="1.0" encoding="UTF-8"?>
<beans xmlns="http://www.springframework.org/schema/beans"
       xmlns:xsi="http://www.w3.org/2001/XMLSchema-instance"
       xmlns:p="http://www.springframework.org/schema/p"
       xmlns:util="http://www.springframework.org/schema/util"
       xsi:schemaLocation="http://www.springframework.org/schema/beans http://www.springframework.org/schema/beans/spring-beans.xsd
       http://www.springframework.org/schema/util http://www.springframework.org/schema/util/spring-util.xsd">

    <!-- ========================================================================================================== -->
    <!-- Canal de Entrada "Message Queue"                                                                           -->
    <!-- ========================================================================================================== -->

    <!--
      | MQ Input Channel Config - Configurações do canal de entrada de mensagens.
      |
      | protocolId - Identificador do protocolo do canal.
      | domain - Dominio deste canal.
      | priority - Prioridade default para o canal.
      | brokerJobsPerTransaction - Quantidade de jobs que serão guardados em cache para cada transação.
      | brokerRecordsPerJob - Quantidade records por jobs.
    -->
    <bean id="mqInputChannelConfig" class="br.org.cipbancos.atlante.config.InputChannelConfig"
          p:protocolId="SPBProtocol"
          p:domain="MES01"
          p:priority="0"
          p:brokerJobsPerTransaction="10"
          p:brokerRecordsPerJob="200"
          p:transportType="M">

        <!-- Lista de dataTypes que serão processados e respondidos em modo sincrono no próprio channel-receiver-mq -->
        <!--
        <property name="synchronousDataTypes">
            <list>
                <value>GEN0001</value>
            </list>
        </property>
        -->

    </bean>

    <!--
      | Default Request Transport Config - Configurações de transporte aplicadas para todos os canais fisicos
      | do tipo Request (filas de Request).
      |
      | concurrentConsumers - Número de Threads de consumidores da fila de entrada que serão criadas inicialmente.
      | maxConcurrentConsumers - Número máximo de Threads de consumidores da fila de entrada que poderão ser criadas.
      | priority - Prioridade para as mensagens recebidas por este listener.
      | singleTransactionSizeLimit - Tamanho (em bytes) limite após o qual as partes da mensagem serão inseridas no DB em transações diferentes.
      | stimulusType - Identifica o tipo de estimulo recebido pelo canal (1=Request, 2=Response)
    -->
    <bean id="transportConfigREQ" abstract="true"
          p:concurrentConsumers="1"
          p:maxConcurrentConsumers="1"
          p:singleTransactionSizeLimit="1024"
          p:stimulusType="1">
        <property name="priority">
            <util:property-path path="mqInputChannelConfig.priority"/>
        </property>
    </bean>

    <!--
      | Default Request Transport Config - Configurações de transporte aplicadas para os canais vindos do "webservice-scg"
      | onde é usado um nome de fila com o prefixo "QW."
      |
    -->
    <bean id="transportConfigREQ_WS_SCG" abstract="true"
          p:physicalChannelName="QW.{stimulusType}.{senderPartyId}.{receiverPartyId}.02"
          p:concurrentConsumers="1"
          p:maxConcurrentConsumers="1"
          p:singleTransactionSizeLimit="1024"
          p:stimulusType="1">
        <property name="priority">
            <util:property-path path="mqInputChannelConfig.priority"/>
        </property>
    </bean>

    <!--
      | Default Response Transport Config - Configurações de transporte aplicadas para todos os canais fisicos
      | do tipo Response (filas de Response).
      |
      | As propriedades são iguais as descritas acima.
    -->
    <bean id="transportConfigRSP" abstract="true"
          p:stimulusType="2"
          p:concurrentConsumers="1"
          p:maxConcurrentConsumers="1"
          p:singleTransactionSizeLimit="1024">
        <property name="priority">
            <util:property-path path="mqInputChannelConfig.priority"/>
        </property>
    </bean>


    <!--
      | MQ Input Transport Config - Configurações de transporte dos canais fisicos. Para cada partyId e tipo de fila (REQ/RESP)
      | da lista abaixo é criado um novo canal físico (fila) para recebimento das mensagens.
      |
      | physicalChannelName - Máscara para formar o nome da fila de entrada.
      | transportReceiveTimeout - Tempo em milisegundos de espera por uma mensagem na fila de entrada.
      | transportRecoveryInterval - Tempo em milisegundos entre a tentativa de recuperação de um listener.
    -->
    <bean name="mqInputTransportConfig" class="br.org.cipbancos.atlante.config.InputTransportConfig"
          p:physicalChannelName="QL.{stimulusType}.{senderPartyId}.{receiverPartyId}.02"
          p:transportReceiveTimeout="10000"
          p:transportRecoveryInterval="60000">

        <!--
          | jmsListenerConfigList - configura cada um dos listeners JMS
          |
          | desc - Descrição do participante que se comunica por este listener.
          | partyId - Identificador do participante que se comunica através do canal de entrada.
          |
          | As outras propriedades são herdadas do 'parent' bean, podendo ser sobre-escritas se necessário.
        -->
        <property name="jmsListenerConfigList">
            <list>

                <!-- Listener da CIP para CIP (para ativar varreduras) -->
                <bean class="br.org.cipbancos.atlante.config.InputMessageListenerConfig" parent="transportConfigREQ">
                    <property name="desc" value="REQ Varredura"/>
                    <property name="partyId">
                        <util:property-path path="atlanteConfig.partyId"/>
                    </property>
                    <property name="priority" value="2"/>
                </bean>

                <!-- Listeners do Banco Central -->

                <bean class="br.org.cipbancos.atlante.config.InputMessageListenerConfig" parent="transportConfigREQ"
                      p:partyId="38166" p:desc="REQ BACEN"/>
                <bean class="br.org.cipbancos.atlante.config.InputMessageListenerConfig" parent="transportConfigRSP"
                      p:partyId="38166" p:desc="RSP BACEN"/>

                <!-- Listeners dos bancos -->

                <bean class="br.org.cipbancos.atlante.config.InputMessageListenerConfig" parent="transportConfigREQ"
                      p:partyId="0" p:desc="REQ BB"/>
                <bean class="br.org.cipbancos.atlante.config.InputMessageListenerConfig" parent="transportConfigRSP"
                      p:partyId="0" p:desc="RSP BB"/>

                <bean class="br.org.cipbancos.atlante.config.InputMessageListenerConfig" parent="transportConfigREQ"
                      p:partyId="60701190" p:desc="REQ Itau"/>
                <bean class="br.org.cipbancos.atlante.config.InputMessageListenerConfig" parent="transportConfigRSP"
                      p:partyId="60701190" p:desc="RSP Itau"/>

                <!-- Listeners das credenciadoras -->

                <bean class="br.org.cipbancos.atlante.config.InputMessageListenerConfig" parent="transportConfigREQ"
                      p:partyId="1027058" p:desc="REQ Cielo"/>
                <bean class="br.org.cipbancos.atlante.config.InputMessageListenerConfig" parent="transportConfigRSP"
                      p:partyId="1027058" p:desc="RSP Cielo"/>

            </list>
        </property>
    </bean>

</beans>
