<?xml version="1.0" encoding="UTF-8"?>
<beans xmlns="http://www.springframework.org/schema/beans"
       xmlns:xsi="http://www.w3.org/2001/XMLSchema-instance"
       xsi:schemaLocation="http://www.springframework.org/schema/beans http://www.springframework.org/schema/beans/spring-beans.xsd">

    <!-- ========================================================================================================== -->
    <!-- Configurações do Interpel (a.k.a. XFB)                                                                     -->
    <!-- ========================================================================================================== -->

    <!--
      | Interpel Config - Configurações referentes ao Interpel
      |
      | environmentScripts - lista com scripts de configuração de environment do InterPel
      | host - endereco do servidor InterPel
      | port - porta do SSH
      | user - usuario para execução de comandos InterPel
      | password - senha do usuário
    -->
    <bean id="interPelConfig" class="br.org.cipbancos.atlante.config.InterPelConfig">
        <property name="environmentScripts">
            <list>
                <value>/home/ziba/opt/xfb/run_time/etc/profile</value>
                <value>/home/ziba/opt/xfb/run_time/etc/csprofile</value>
            </list>
        </property>
        <property name="host" value="10.0.132.107"/>
        <property name="port" value="22"/>
        <property name="user" value="ziba"/>
        <property name="password" value="ENC(zPFrc2dQuY7uEPe60iB2EuZDfjOi3+q3)"/>
    </bean>

</beans>
