<?xml version="1.0" encoding="UTF-8"?>
<beans xmlns="http://www.springframework.org/schema/beans"
       xmlns:xsi="http://www.w3.org/2001/XMLSchema-instance"
       xmlns:p="http://www.springframework.org/schema/p"
       xsi:schemaLocation="http://www.springframework.org/schema/beans http://www.springframework.org/schema/beans/spring-beans.xsd">

    <!-- ========================================================================================================== -->
    <!-- Canal de Saida "Message Queue"                                                                             -->
    <!-- ========================================================================================================== -->

    <!--
      | MQ Output Config - Configurações do canal de saida MQ (Message Queue)
      |
      | protocolId - identifica qual protocolo de saida deste canal.
      | domain - Dominio deste canal.
      | requestConfirmation - define se deve requisitar confirmação (COA/COD) para as mensagens de saida. Default true.
      | deliverableDestinationName - JNDI da fila da saída.
      | deliverableConcurrentConsumers - Número de Threads de consumidores da fila de saída (entrada para deliverable) que serão criadas inicialmente.
      | deliverableMaxConcurrentConsumers - Número máximo de Threads de consumidores da fila de saída (entrada para deliverable) que poderão ser criadas.
      | deliverableReceiveTimeout - Tempo em milisegundos de espera por uma mensagem na fila de saída (entrada para deliverable)
      | outputChannelReceiveTimeout - tempo em milisegundos de espera por uma mensagem na fila de saída.
      | physicalChannelName - Máscara para formar o nome da fila de saida.
      | spbMessageSplitterVersion - Versão do splitter. V1 para compatibilidade e V2 para versão 4.0.9 do Catalogo de Servicoes do SFN
      | spbMessageMaxSize - tamanho máximo da mensagem de saída (Tamanho total para spbMessageSplitterVersion=V1 ou tamanho do SISMSG para spbMessageSplitterVersion=V2)
      | domainToPhysicalChannelName - Mapeia os domínios com os nomes das filas.
    -->

    <bean id="mqOutputChannelConfig" class="br.org.cipbancos.atlante.config.OutputChannelConfig"
          p:protocolId="SPBProtocol"
          p:domain="MES01"
          p:requestConfirmation="true"
          p:deliverableDestinationName="ATL.OUT.MQ"
          p:deliverableConcurrentConsumers="1"
          p:deliverableMaxConcurrentConsumers="1"
          p:deliverableReceiveTimeout="10000"
          p:outputChannelReceiveTimeout="1"
          p:physicalChannelName="QL.{stimulusType}.{senderPartyId}.{receiverPartyId}.01"
          p:spbMessageSplitterVersion="V2"
          p:spbMessageMaxSize="250000">

        <property name="domainToPhysicalChannelName">
            <map>
                <entry key="MES02" value="QW.{stimulusType}.{senderPartyId}.{receiverPartyId}.01"/>
            </map>
        </property>

        <!--
             Mapeia uma prioridade JMS para cada datatype de saída especifico.
             As prioridades vão de 0 (menor) até 9 (maior). default=4
        -->
        <property name="priorityByDataType">
            <map>
                <!--
                <entry key="DDA0106R1" value="2"/>
                <entry key="DDA0110R1" value="9"/>
                <entry key="DDA0127" value="5"/>
                -->
            </map>
        </property>

    </bean>

</beans>
