<?xml version="1.0" encoding="UTF-8"?>
<beans xmlns="http://www.springframework.org/schema/beans"
       xmlns:util="http://www.springframework.org/schema/util"
       xmlns:xsi="http://www.w3.org/2001/XMLSchema-instance"
       xsi:schemaLocation="http://www.springframework.org/schema/beans http://www.springframework.org/schema/beans/spring-beans.xsd
                           http://www.springframework.org/schema/util http://www.springframework.org/schema/util/spring-util.xsd">

    <!-- Mapeamento de dataTypeId para prioridade -->
    <bean id="baseDataTypeToPriorityMapper"
          class="br.org.cipbancos.atlante.config.strategy.DataTypeToPriorityMapperImpl">
        <property name="dataTypeToPriority">
            <map>
                <entry key="ARRC001" value="0"/>
                <entry key="GEN0001" value="0"/>
                <entry key="V_DDA0400" value="0"/>
                <entry key="V_DDA0402" value="0"/>
                <entry key="V_DDA0403" value="0"/>
                <entry key="V_DDA0404" value="0"/>
                <entry key="V_ADDA103" value="2"/>
            </map>
        </property>
    </bean>

    <!--
      | Mapeamento dinâmico de prioridades para filas. Forma filas no padrão ATL.WORKER.$party.$prioridade.
      |
      | classicModePriorities - Lista de prioridades que devem rodar no modo clássico do Atlante (padrão ATL.WORKER.$prioridade).
      | baseName - Nome base da fila (default ATL.WORKER).
      | separator - Separador de elementos do nome da fila (default '.').
     -->
    <bean id="basePriorityToQueueMapper"
          class="br.org.cipbancos.atlante.config.strategy.DynamicPartyAndPriorityToQueueMapper">
        <property name="classicModePriorities">
            <util:list>
                <value>0</value>
                <value>1</value>
                <value>2</value>
                <value>3</value>
                <value>4</value>
                <value>5</value>
            </util:list>
        </property>
    </bean>

</beans>
