<?xml version="1.0" encoding="UTF-8"?>
<beans xmlns="http://www.springframework.org/schema/beans"
       xmlns:xsi="http://www.w3.org/2001/XMLSchema-instance"
       xmlns:p="http://www.springframework.org/schema/p"
       xsi:schemaLocation="http://www.springframework.org/schema/beans http://www.springframework.org/schema/beans/spring-beans.xsd">

    <!-- ========================================================================================================== -->
    <!-- Configuração "Processor"                                                                                -->
    <!-- ========================================================================================================== -->

    <bean id="processorConfig" class="br.org.cipbancos.atlante.config.ProcessorConfig">

        <property name="receiverConfig">
            <bean class="br.org.cipbancos.atlante.config.ProcessorReceiverConfig">

                <property name="synchronousDataTypes">
                    <list>
                        <value>RRC0008</value>
                        <value>RRC0010</value>
                        <value>RRC0011</value>
                        <value>RRC0013</value>
                        <value>RRC0021</value>
                        <value>ARRC001</value>
                        <value>ARRC022</value>
                        <value>EstabelecimentoLateBatch</value>
                        <value>DestinoOptInLate</value>
                        <value>RRC0019</value>
                        <value>RRC0019SubOptInAutomatico</value>
                        <value>RRC0019SubRecalculo</value>
                        <value>RRC0019SubAgendas</value>
                        <value>RRC0019SubFracao</value>
                        <value>RRC0019SubOperacaoTitularDomicilioUnidadeRecebivel</value>
                        <value>CollatorSub</value>
                        <value>ARRC022</value>
                        <value>InteropSchedulerBatchDelay</value>
                        <value>InteropBatchDelaySLA</value>
                        <value>RecalculoAlteracao</value>
                        <value>DestinoRecalculoLate</value>
                        <value>RecalculoOperacaoFinalizadaSub</value>
                    </list>
                </property>

                <property name="singleTransactionDataTypes">
                    <list>
                        <!--
                        <value>DDA0110</value>
                        -->
                    </list>
                </property>

                <property name="inputCollationGroupMapperExpression">
                    <map>
                        <entry key="ARRC001">
                            <bean class="br.org.cipbancos.atlante.config.CollationGroupExpression"
                                  p:type="XPATH"
                                  p:expression="substring(//*[local-name() = 'CNPJ_CPFUsuFinalRecbdr'][text()], 0, 3)"/>
                        </entry>
                        <entry key="ARRC022">
                            <bean class="br.org.cipbancos.atlante.config.CollationGroupExpression"
                                  p:type="XPATH"
                                  p:expression="substring(//*[local-name() = 'CNPJ_CNPJBase_CPFUsuFinalRecbdr'][text()], 0, 3)"/>
                        </entry>
                        <!--
                        <entry key="DDA0303">
                            <bean class="br.org.cipbancos.atlante.config.CollationGroupExpression"
                                  p:type="XPATH"
                                  p:expression="substring(//*[local-name() = 'NumCtrlIF'][text()], 9, 2)"/>
                        </entry>
                        <entry key="ADDA303">
                            <bean class="br.org.cipbancos.atlante.config.CollationGroupExpression"
                                  p:type="XPATH"
                                  p:expression="substring(//*[local-name() = 'NumCtrlReqIF'][text()], 9, 2)"/>
                        </entry>
                        -->
                    </map>
                </property>

            </bean>
        </property>

        <property name="workerConfig">
            <bean class="br.org.cipbancos.atlante.config.ProcessorWorkerConfig"
                  p:startLateBatches="true"
                  p:aggregateDeliverables="true">

                <!-- Configurações para reproc automático -->
                <property name="exceptionsToRetry">
                    <list>
                        <!--
                        | clazz - a classe do exceção que, se lançada,deve fazer o reproc automático
                        | messages - as mensagens de erro específicas da exceção para que, se lançada, deve fazer o reproc
                        |            automático
                        -->
                        <bean class="br.org.cipbancos.atlante.config.WorkerRetryExceptionConfig">
                            <property name="clazz" value="org.springframework.dao.DataAccessException"/>
                            <property name="messages">
                                <list>
                                    <value>SQLCODE=-911</value>
                                    <value>SQLCODE=-913</value>
                                </list>
                            </property>
                        </bean>
                        <bean class="br.org.cipbancos.atlante.config.WorkerRetryExceptionConfig">
                            <property name="clazz" value="com.ibm.db2.jcc.am.SqlTransactionRollbackException"/>
                        </bean>
                    </list>
                </property>

            </bean>
        </property>

        <!--
            Atributo deve ser preenchido quando não necessidade de preencher a tabela output_data
        -->
        <property name="ignoreUnderscoreDataByDataTypes">
            <list>
                <!--<value>ADDA001</value>-->
            </list>
        </property>

    </bean>

    <bean id="lateBatchProcessorConfig" class="br.org.cipbancos.atlante.config.LateBatchProcessorConfig">

        <property name="threadPoolsByPriority">
            <list>
                <bean class="br.org.cipbancos.atlante.config.LateBatchThreadPoolConfig"
                      p:priority="0"
                      p:poolSize="4"/>
                <bean class="br.org.cipbancos.atlante.config.LateBatchThreadPoolConfig"
                      p:priority="1"
                      p:poolSize="4"/>
                <bean class="br.org.cipbancos.atlante.config.LateBatchThreadPoolConfig"
                      p:priority="2"
                      p:poolSize="4"/>
                <bean class="br.org.cipbancos.atlante.config.LateBatchThreadPoolConfig"
                      p:priority="3"
                      p:poolSize="4"/>
                <bean class="br.org.cipbancos.atlante.config.LateBatchThreadPoolConfig"
                      p:priority="4"
                      p:poolSize="4"/>
                <bean class="br.org.cipbancos.atlante.config.LateBatchThreadPoolConfig"
                      p:priority="5"
                      p:poolSize="4"/>
            </list>
        </property>

        <property name="workerConfig">
            <bean class="br.org.cipbancos.atlante.config.ProcessorWorkerConfig">

                <property name="threadPoolConfig">
                    <bean class="br.org.cipbancos.atlante.config.ThreadPoolConfig"
                          p:poolSize="10">

                        <property name="defaultMaxThreadsToUsePerExecution" value="10"/>

                        <property name="maxThreadsToUsePerDataType">
                            <map>
                                <!--
                                <entry key="LATE_ADDA001" value="5"/>
                                -->
                            </map>
                        </property>

                    </bean>
                </property>

            </bean>
        </property>

        <property name="transmitterConfig">
            <bean class="br.org.cipbancos.atlante.config.ProcessorTransmitterConfig">

                <property name="threadPoolConfig">
                    <bean class="br.org.cipbancos.atlante.config.ThreadPoolConfig"
                          p:poolSize="4" />
                </property>

            </bean>
        </property>

    </bean>

</beans>
