<?xml version="1.0" encoding="UTF-8"?>
<beans xmlns="http://www.springframework.org/schema/beans"
       xmlns:xsi="http://www.w3.org/2001/XMLSchema-instance"
       xmlns:p="http://www.springframework.org/schema/p"
       xmlns:util="http://www.springframework.org/schema/util"
       xsi:schemaLocation="http://www.springframework.org/schema/beans http://www.springframework.org/schema/beans/spring-beans.xsd
       http://www.springframework.org/schema/util http://www.springframework.org/schema/util/spring-util.xsd">

    <!-- ========================================================================================================== -->
    <!-- Configuração "Processor MQ"                                                                                -->
    <!-- ========================================================================================================== -->

    <bean id="processorConfigMQ" class="br.org.cipbancos.atlante.config.ProcessorConfig"
          p:protocolId="SPBProtocol"
          p:domain="MES01"
          p:transportType="M">

        <property name="receiverConfig">
            <bean class="br.org.cipbancos.atlante.config.ProcessorReceiverConfig"
                  p:priority="0">

            </bean>
        </property>

        <property name="workerConfig">
            <bean class="br.org.cipbancos.atlante.config.ProcessorWorkerConfig"
                  p:entitiesPerCommit="100"
                  p:applicationRetryLimit="3">

            </bean>
        </property>

        <property name="transmitterConfig">
            <bean class="br.org.cipbancos.atlante.config.ProcessorTransmitterConfig"
                  p:validateOutput="true"
                  p:requestConfirmation="true"
                  p:spbMessageSplitterVersion="V2"
                  p:spbMessageMaxSize="250000"
                  p:physicalChannelName="QL.{stimulusType}.{senderPartyId}.{receiverPartyId}.01">

                <property name="domainToPhysicalChannelName">
                    <map>
                        <entry key="MES02" value="QW.{stimulusType}.{senderPartyId}.{receiverPartyId}.01"/>
                    </map>
                </property>

                <property name="threadPoolConfig">
                    <bean class="br.org.cipbancos.atlante.config.ThreadPoolConfig"
                          p:poolSize="3">
                    </bean>
                </property>

                <!--
                     Mapeia uma prioridade JMS para cada datatype de saída especifico.
                     As prioridades vão de 0 (menor) até 9 (maior). default=4
                -->
                <property name="priorityByDataType">
                    <map>
                        <!--
                        <entry key="DDA0106R1" value="2"/>
                        <entry key="DDA0110R1" value="9"/>
                        <entry key="DDA0127" value="5"/>
                        -->
                    </map>
                </property>

            </bean>
        </property>
    </bean>

    <!--
      | Default Request Transport Config - Configurações de transporte aplicadas para todos os canais fisicos
      | do tipo Request (filas de Request).
      |
      | concurrentConsumers - Número de Threads de consumidores da fila de entrada que serão criadas inicialmente.
      | maxConcurrentConsumers - Número máximo de Threads de consumidores da fila de entrada que poderão ser criadas.
      | priority - Prioridade para as mensagens recebidas por este listener.
      | singleTransactionSizeLimit - Tamanho (em bytes) limite após o qual as partes da mensagem serão inseridas no DB em transações diferentes.
      | stimulusType - Identifica o tipo de estimulo recebido pelo canal (1=Request, 2=Response)
    -->
    <bean id="transportConfigREQ" abstract="true"
          p:concurrentConsumers="1"
          p:maxConcurrentConsumers="1"
          p:singleTransactionSizeLimit="1024"
          p:stimulusType="1">
        <property name="priority">
            <util:property-path path="processorConfigMQ.receiverConfig.priority"/>
        </property>
    </bean>

    <!--
      | Default Response Transport Config - Configurações de transporte aplicadas para todos os canais fisicos
      | do tipo Response (filas de Response).
      |
      | As propriedades são iguais as descritas acima.
    -->
    <bean id="transportConfigRSP" abstract="true"
          p:stimulusType="2"
          p:concurrentConsumers="1"
          p:maxConcurrentConsumers="1"
          p:singleTransactionSizeLimit="1024">
        <property name="priority">
            <util:property-path path="processorConfigMQ.receiverConfig.priority"/>
        </property>
    </bean>


    <!--
      | FT Input Transport Config - Configurações de transporte (JMS) do canal de entrada de arquivos
      |
      | physicalChannelName - Máscara para formar o nome da fila de entrada.
      | transportReceiveTimeout - Tempo em milisegundos de espera por uma mensagem na fila de entrada.
      | transportRecoveryInterval - Tempo em milisegundos entre a tentativa de recuperação de um listener.
    -->
    <bean id="processorMQInputTransportConfig" class="br.org.cipbancos.atlante.config.InputTransportConfig"
          p:physicalChannelName="QL.{stimulusType}.{senderPartyId}.{receiverPartyId}.02"
          p:transportReceiveTimeout="10000"
          p:transportRecoveryInterval="60000">

        <!--
          | jmsListenerConfigList - configura listener JMS para as notificações de chegada de arquivo
        -->
        <property name="jmsListenerConfigList">
            <list>

                <!-- Listener da CIP para CIP (para ativar varreduras) -->
                <bean class="br.org.cipbancos.atlante.config.InputMessageListenerConfig" parent="transportConfigREQ">
                    <property name="desc" value="REQ Varredura"/>
                    <property name="partyId">
                        <util:property-path path="atlanteConfig.partyId"/>
                    </property>
                    <property name="priority" value="2"/>
                </bean>

                <!-- Listeners do Banco Central -->

                <bean class="br.org.cipbancos.atlante.config.InputMessageListenerConfig" parent="transportConfigREQ"
                      p:partyId="38166" p:desc="REQ BACEN"/>
                <bean class="br.org.cipbancos.atlante.config.InputMessageListenerConfig" parent="transportConfigRSP"
                      p:partyId="38166" p:desc="RSP BACEN"/>

                <!-- Listeners dos bancos -->

                <bean class="br.org.cipbancos.atlante.config.InputMessageListenerConfig" parent="transportConfigREQ"
                      p:partyId="0" p:desc="REQ BB"/>
                <bean class="br.org.cipbancos.atlante.config.InputMessageListenerConfig" parent="transportConfigRSP"
                      p:partyId="0" p:desc="RSP BB"/>


                <!-- Listeners das credenciadoras -->

                <bean class="br.org.cipbancos.atlante.config.InputMessageListenerConfig" parent="transportConfigREQ"
                      p:partyId="1027058" p:desc="REQ Cielo"/>
                <bean class="br.org.cipbancos.atlante.config.InputMessageListenerConfig" parent="transportConfigRSP"
                      p:partyId="1027058" p:desc="RSP Cielo"/>

            </list>
        </property>
    </bean>

</beans>
