<?xml version="1.0" encoding="UTF-8"?>
<beans xmlns="http://www.springframework.org/schema/beans"
       xmlns:xsi="http://www.w3.org/2001/XMLSchema-instance"
       xmlns:p="http://www.springframework.org/schema/p"
       xmlns:util="http://www.springframework.org/schema/util"
       xsi:schemaLocation="http://www.springframework.org/schema/beans http://www.springframework.org/schema/beans/spring-beans.xsd
       http://www.springframework.org/schema/util http://www.springframework.org/schema/util/spring-util.xsd">

    <!-- ========================================================================================================== -->
    <!-- Configuração "Processor FT"                                                                                -->
    <!-- ========================================================================================================== -->

    <bean id="processorConfigFT" class="br.org.cipbancos.atlante.config.ProcessorConfig"
          p:protocolId="SPBProtocol"
          p:domain="MES01"
          p:httpFileReceiveTimeoutSeconds="50">

        <property name="receiverConfig">
            <bean class="br.org.cipbancos.atlante.config.ProcessorReceiverConfig"
                  p:priority="1"
                  p:receivedFileCleanStrategy="MOVE"
                  p:movedFileNamePattern="{file}.PROCESSED"
                  p:jobsToPersistPerTransaction="10"
                  p:defaultRecordsPerThread="100">

                <property name="recordsPerThreadMap">
                    <map>
                        <!--
                        <entry key="ADDA101" value="50"/>
                        -->
                    </map>
                </property>

            </bean>
        </property>

        <property name="workerConfig">
            <bean class="br.org.cipbancos.atlante.config.ProcessorWorkerConfig"
                  p:entitiesPerCommit="100"
                  p:applicationRetryLimit="3">

                <property name="threadPoolConfig">
                    <bean class="br.org.cipbancos.atlante.config.ThreadPoolConfig"
                          p:poolSize="10">

                        <property name="defaultMaxThreadsToUsePerExecution" value="10"/>

                        <property name="maxThreadsToUsePerDataType">
                            <map>
                                <!--
                                <entry key="ADDA001" value="8"/>
                                -->
                            </map>
                        </property>

                    </bean>
                </property>

            </bean>
        </property>

        <property name="transmitterConfig">
            <bean class="br.org.cipbancos.atlante.config.ProcessorTransmitterConfig"
                  p:outputPathPrefix="/MIFS/out"
                  p:validateOutput="true"
                  p:saveOpenData="true">

                <property name="threadPoolConfig">
                    <bean class="br.org.cipbancos.atlante.config.ThreadPoolConfig"
                          p:poolSize="3">
                    </bean>
                </property>

            </bean>
        </property>
    </bean>

    <!--
      | Bean de configuração do listener para as filas de processamento apartado
      |
      | stimulusType - Identifica o tipo de estimulo recebido pelo canal (1=Request, 2=Response)
      | concurrentConsumers - Número de Threads de consumidores da fila de entrada que serão criadas inicialmente.
      | maxConcurrentConsumers - Número máximo de Threads de consumidores da fila de entrada que poderão ser criadas.
      | priority - Prioridade para as mensagens recebidas por este listener.
      | singleTransactionSizeLimit - Tamanho limite (em bytes) após o qual as partes da mensagem serão inseridas no DB em transações diferentes.
    -->

    <!--
      | FT Input Transport Config - Configurações de transporte (JMS) do canal de entrada de arquivos
      |
      | physicalChannelName - Máscara para formar o nome da fila de entrada.
      | transportReceiveTimeout - Tempo em milisegundos de espera por uma mensagem na fila de entrada.
      | transportRecoveryInterval - Tempo em milisegundos entre a tentativa de recuperação de um listener.
    -->
    <bean id="processorFTInputTransportConfig" class="br.org.cipbancos.atlante.config.InputTransportConfig"
          p:transportReceiveTimeout="10000"
          p:transportRecoveryInterval="60000"
          p:physicalChannelName="ATL.IN.FT">

        <!--
            | Property: filePhysicalChannelByPartyId
            |
            | Lista de participantes que serão injetadas em filas apartadas
            | Exemplos:
            |     <entry key="{ISPB}" value="{ALIAS_ISPB}"/> - Dessa forma todos os arquivos do participante 0 serão injetados na fila ATL.IN.FT.{ALIAS_ISPB}
            |     <entry key="0" value="BB"/> - Dessa forma todos os arquivos do participante 0 serão injetados na fila ATL.IN.FT.BB

            | Property: filePhysicalChannelByDataType
            |
            | Lista de dataTypes que serão injetadas em filas apartadas
            | Exemplos:
            |     <entry key="{DATAYPE}" value="{ALIAS_DATAYPE}"/> - Dessa forma todos os datatypes ADDA118 serão injetados na fila ATL.IN.FT.{ALIAS_DATAYPE}
            |     <entry key="ADDA118" value="ADDA118"/> - Dessa forma todos os datatypes ADDA118 serão injetados na fila ATL.IN.FT.ADDA118

            |
            | Se houver as duas configurações ficará da seguinte forma: ATL.IN.FT.BB.ADDA118
         -->
        <property name="filePhysicalChannelByPartyId">
            <map>
                <!--
                <entry key="0" value="0"/>
                <entry key="60746948" value="Y"/>
                -->
            </map>
        </property>
        <property name="filePhysicalChannelByDataType">
            <map>
                <!--
                <entry key="ADDA118" value="ADDA118"/>
                <entry key="ADDA101" value="X"/>
                -->
            </map>
        </property>

        <!--
          | jmsListenerConfigList - configura listener JMS para as notificações de chegada de arquivo
        -->
        <property name="jmsListenerConfigList">
            <list>

                <!--
                  | Este listener recebe as notificações de que um arquivo está pronto para ser processado pelo Atlante.
                  |
                  | stimulusType - Identifica o tipo de estimulo recebido pelo canal (1=Request, 2=Response)
                  | concurrentConsumers - Número de Threads de consumidores da fila de entrada que serão criadas inicialmente.
                  | maxConcurrentConsumers - Número máximo de Threads de consumidores da fila de entrada que poderão ser criadas.
                  | partyId - Identificador do participante que se comunica através do canal de entrada.
                  | priority - Prioridade para as mensagens recebidas por este listener.
                  | singleTransactionSizeLimit - Tamanho limite (em bytes) após o qual as partes da mensagem serão inseridas no DB em transações diferentes.
                -->
                <bean class="br.org.cipbancos.atlante.config.InputMessageListenerConfig"
                      p:stimulusType="1"
                      p:concurrentConsumers="1"
                      p:maxConcurrentConsumers="1"
                      p:singleTransactionSizeLimit="1024">
                    <property name="partyId">
                        <util:property-path path="atlanteConfig.partyId"/>
                    </property>
                    <property name="priority">
                        <util:property-path path="processorConfigFT.receiverConfig.priority"/>
                    </property>
                </bean>

                <!--
                    | Bean com as configurações de listeners e threads para cada fila configurada no file-transmission-config.xml
                    |
                    | Conceito;
                    |    Se existir configuração na propriedade "filePhysicalChannelByDataType" do arquivo file-transmission-config.xml
                    |       <bean class="br.org.cipbancos.atlante.config.InputMessageListenerConfig" p:stimulusType="1" p:concurrentConsumers="3" p:maxConcurrentConsumers="3" p:singleTransactionSizeLimit="1024"
                    |            p:physicalChannelName="ATL.IN.FT.{DATAYTYPE}" p:priority="2" />
                    |
                    |    Se existir configuração na propriedade "filePhysicalChannelByPartyId" do arquivo file-transmission-config.xml
                    |       <bean class="br.org.cipbancos.atlante.config.InputMessageListenerConfig" p:stimulusType="1" p:concurrentConsumers="3" p:maxConcurrentConsumers="3" p:singleTransactionSizeLimit="1024"
                    |            p:physicalChannelName="ATL.IN.FT.{PARTYID}" p:priority="2" />
                    |
                    |    Se existir configuração nas duas propriedade propriedades acima
                    |       <bean class="br.org.cipbancos.atlante.config.InputMessageListenerConfig" p:stimulusType="1" p:concurrentConsumers="3" p:maxConcurrentConsumers="3" p:singleTransactionSizeLimit="1024"
                    |            p:physicalChannelName="ATL.IN.FT.{PARTYID}.{DATAYTYPE}" p:priority="2" />
                    |
                    | Exemplos:
                    |    <bean class="br.org.cipbancos.atlante.config.InputMessageListenerConfig"
                    |          p:physicalChannelName="ATL.IN.FT.0.ADDA101"  p:priority="2" p:stimulusType="1" p:concurrentConsumers="3"  p:maxConcurrentConsumers="3" p:singleTransactionSizeLimit="1024"
                    |    />
                    |    <bean class="br.org.cipbancos.atlante.config.InputMessageListenerConfig"
                    |          p:physicalChannelName="ATL.IN.FT.0" p:priority="2" p:stimulusType="1" p:concurrentConsumers="3"  p:maxConcurrentConsumers="3" p:singleTransactionSizeLimit="1024"
                    |    />
                    |    <bean class="br.org.cipbancos.atlante.config.InputMessageListenerConfig"
                    |         p:physicalChannelName="ATL.IN.FT.ADDA101" p:priority="2" p:stimulusType="1" p:concurrentConsumers="3"  p:maxConcurrentConsumers="3" p:singleTransactionSizeLimit="1024"
                    |    />
                -->

            </list>
        </property>
    </bean>

</beans>
