<?xml version="1.0" encoding="UTF-8" ?>
<beans xmlns="http://www.springframework.org/schema/beans"
       xmlns:xsi="http://www.w3.org/2001/XMLSchema-instance"
       xmlns:jee="http://www.springframework.org/schema/jee"
       xsi:schemaLocation="http://www.springframework.org/schema/beans http://www.springframework.org/schema/beans/spring-beans-3.2.xsd http://www.springframework.org/schema/jee http://www.springframework.org/schema/jee/spring-jee.xsd">

    <jee:jndi-lookup id="dataSourceDefault" jndi-name="jdbc/R2C3"/>

    <bean id="dataSourceRouter" class="br.org.cipbancos.rrc.datasource.DataSourceRouter">
        <property name="dataSourceMap">
            <map>
                <entry key="0" value-ref="dataSourceDefault"/>
            </map>
        </property>
        <property name="atlanteDS" ref="atlanteDataSource"/>
        <property name="ctzDS" ref="dataSourceDefault"/>
        <property name="cpcDS" ref="dataSourceDefault"/>
        <property name="r2c3DS" ref="dataSourceDefault"/>
    </bean>

</beans>
