<?xml version="1.0" encoding="UTF-8"?>
<beans xmlns="http://www.springframework.org/schema/beans"
       xmlns:xsi="http://www.w3.org/2001/XMLSchema-instance"
       xsi:schemaLocation="http://www.springframework.org/schema/beans http://www.springframework.org/schema/beans/spring-beans.xsd">

    <!-- ========================================================================================================== -->
    <!-- Configurações Configurações das Entidades Certificadoras                                                   -->
    <!-- ========================================================================================================== -->

    <!--
      | SPBCertificateAuthoritiesConfig - Configurações das Entidades Certificadoras
    -->
    <bean id="spbCertificateAuthoritiesConfig" class="br.org.cipbancos.atlante.config.SPBCertificateAuthoritiesConfig">
        <property name="spbCertificateAuthorities">
            <map>
                <entry key="0" value="TESTE"/>
                <entry key="1" value="SERPRO"/>
                <entry key="2" value="CERTISIGN"/>
                <entry key="4" value="SERASA"/>
                <entry key="5" value="CAIXA"/>
                <entry key="6" value="VALID"/>
                <entry key="7" value="IMPRENSA OFICIAL"/>
                <entry key="8" value="BOA VISTA"/>
            </map>
        </property>
    </bean>

</beans>
