<?xml version="1.0" encoding="UTF-8"?>
<beans xmlns="http://www.springframework.org/schema/beans"
       xmlns:p="http://www.springframework.org/schema/p"
       xmlns:xsi="http://www.w3.org/2001/XMLSchema-instance"
       xsi:schemaLocation="http://www.springframework.org/schema/beans http://www.springframework.org/schema/beans/spring-beans.xsd">

    <!-- ========================================================================================================== -->
    <!-- Configurações dos Listeners do Módulo Worker                                                               -->
    <!-- ========================================================================================================== -->

    <!--
      | Worker Listeners Config - Configuração dos listeners clássicos do Worker.
     -->
    <bean id="workerListenersConfig" class="br.org.cipbancos.atlante.config.WorkerListenersConfig">

        <!--
          | Worker ListenerConfig - Configura um pool de listeners.
          |
          | priority - Número identificando a prioridade da fila de entrada do Worker.
          | concurrentConsumers - Número mínimo de consumidores concorrentes.
          | maxConcurrentConsumers - Número máximo de consumidores concorrentes.
          | receiveTimeout - Timeout de recebimento de mensagens, em milisegundos.
        -->
        <property name="workerListenerConfigList">
            <list>

                <!-- Listeners para mensagens -->
                <bean class="br.org.cipbancos.atlante.config.WorkerListenerConfig"
                      p:priority="0"
                      p:concurrentConsumers="1"
                      p:maxConcurrentConsumers="1"
                      p:receiveTimeout="10000"/>

                <!-- Listeners para mensagens -->
                <bean class="br.org.cipbancos.atlante.config.WorkerListenerConfig"
                      p:priority="1"
                      p:concurrentConsumers="1"
                      p:maxConcurrentConsumers="1"
                      p:receiveTimeout="10000"/>

                <!-- Listeners para mensagens -->
                <bean class="br.org.cipbancos.atlante.config.WorkerListenerConfig"
                      p:priority="2"
                      p:concurrentConsumers="8"
                      p:maxConcurrentConsumers="16"
                      p:receiveTimeout="10000"/>

                <!-- Listeners para mensagens -->
                <bean class="br.org.cipbancos.atlante.config.WorkerListenerConfig"
                      p:priority="3"
                      p:concurrentConsumers="1"
                      p:maxConcurrentConsumers="1"
                      p:receiveTimeout="10000"/>

                <!-- Listeners para varredura018 -->
                <bean class="br.org.cipbancos.atlante.config.WorkerListenerConfig"
                      p:priority="4"
                      p:concurrentConsumers="1"
                      p:maxConcurrentConsumers="1"
                      p:receiveTimeout="10000"/>

                <!-- Listeners para DestinoOptInLateBatch -->
                <bean class="br.org.cipbancos.atlante.config.WorkerListenerConfig"
                      p:priority="5"
                      p:concurrentConsumers="1"
                      p:maxConcurrentConsumers="1"
                      p:receiveTimeout="10000"/>

            </list>
        </property>
    </bean>
</beans>
