<?xml version="1.0" encoding="UTF-8"?>
<beans xmlns="http://www.springframework.org/schema/beans"
       xmlns:p="http://www.springframework.org/schema/p"
       xmlns:xsi="http://www.w3.org/2001/XMLSchema-instance"
       xsi:schemaLocation="http://www.springframework.org/schema/beans http://www.springframework.org/schema/beans/spring-beans.xsd">

    <!-- ========================================================================================================== -->
    <!-- Configurações do Módulo Worker                                                                             -->
    <!-- ========================================================================================================== -->

    <!--
      | Worker Config - Configurações gerais do módulo worker
      |
      | protocolId - Identifica qual protocolo do Worker.
      | aggregateDeliverables - Determina se o Worker deve tentar agregar os Deliverables durante o processamento dos Jobs (default false).
      | applicationRetryLimit - Quantidade máxima de retry de um Job indicada pela aplicação (indicado via RetryException).
      | errorJobLimit - Número Limite de Jobs em estado de erro.
      | timeoutJobsLimit - Número Limite de Jobs cancelados por Timeout.
     -->

    <bean id="workerConfig" class="br.org.cipbancos.atlante.config.WorkerConfig"
          p:protocolId="SPBProtocol"
          p:aggregateDeliverables="false"
          p:applicationRetryLimit="1"
          p:errorJobLimit="10"
          p:timeoutJobsLimit="10"
          p:startLateBatches="true" >

        <!-- Configurações para reproc automático -->
        <property name="exceptionsToRetry">
            <list>
                <!--
                | clazz - a classe do exceção que, se lançada,deve fazer o reproc automático
                | messages - as mensagens de erro específicas da exceção para que, se lançada, deve fazer o reproc
                |            automático
                -->
                <bean class="br.org.cipbancos.atlante.config.WorkerRetryExceptionConfig">
                    <property name="clazz" value="org.springframework.dao.DataAccessException"/>
                    <property name="messages">
                        <list>
                            <value>SQLCODE=-911</value>
                            <value>SQLCODE=-913</value>
                        </list>
                    </property>
                </bean>
                <bean class="br.org.cipbancos.atlante.config.WorkerRetryExceptionConfig">
                    <property name="clazz" value="com.ibm.db2.jcc.am.SqlTransactionRollbackException"/>
                </bean>
            </list>
        </property>

    </bean>
</beans>
