[
	{
		"id" : "atlante-api-application-files",
		"directory" : "/opt/atlante/config/application/protocol/",
		"mappingsApi" : [
			{
				"paths" : [ "/*" ],
				"startFilesNames" : ["api-r2c3-centralizadora"],
				"excludeFilesNames"	: [ "sources" ]
			},
			{
				"paths" : [ "/api/v1/*" ],
				"startFilesNames" : ["api-r2c3", "api-r2c3-bilateral"],
				"excludeFilesNames"	: [ "sources" ]
			},
			{
				"paths" : [ "/api/v1/*" ],
				"directory" : "/opt/atlante/lib",
				"startFilesNames" : ["api-atlante"],
				"excludeFilesNames"	: [  ]
			}
		]
	},
	{
		"id" : "atlante-api-requirements-config-jws",
		"configurationId" : "http-content-config-jws-configuration",
		"type" : "JWS",
		"ignoredTypes" : ["CLIENT_CREDENTIALS","NO_SECURITY"],
		"requiredTypes" : []
	},
	{
		"id" : "atlante-api-requirements-config-oauth",
		"configurationId" : "atlante-oauth-token-config",
		"type" : "CLIENT_CREDENTIALS",
		"ignoredTypes" : ["NO_SECURITY"],
		"requiredTypes" : []
	},
	{
		"id" : "atlante-api-requirements-config-gzip",
		"configurationId" : "http-content-config-gzip",
		"type" : "GZIP",
		"ignoredTypes" : [],
		"requiredTypes" : []
	}
]
