{
	"id" : "atlante-persist-blob-config",
	"enabled" : false,
	"entityRootDir" : {
		"INPUT_DATA" : "/MIFS/repository/INPUT_DATA",
		"BATCH_DATA" : "/MIFS/repository/BATCH_DATA",
		"JOB_DATA" : "/MIFS/repository/JOB_DATA",
		"OUTPUT_DATA" : "/MIFS/repository/OUTPUT_DATA",
		"DELIVERABLE_DATA" : "/MIFS/repository/DELIVERABLE_DATA",
		"DELIVERABLE_PART" : "/MIFS/repository/DELIVERABLE_PART",
		"HTTP_TRANSMISSION_REQUEST" : "/MIFS/repository/HTTP/REQUEST",
		"HTTP_TRANSMISSION_RESPONSE" : "/MIFS/repository/HTTP/RESPONSE",
		"HTTP_TRANSMISSION_RESPONSE_ACTION_ERROR" : "/MIFS/repository/HTTP/ERROR/ACTION",
		"HTTP_TRANSMISSION_RESPONSE_PROCESS_ERROR" : "/MIFS/repository/HTTP/ERROR/PROCESS",
		"HTTP_TRANSMISSION_RESPONSE_VALIDATION_ERROR" : "/MIFS/repository/HTTP/ERROR/VALIDATION",
		"HTTP_TRANSMISSION_ERROR" : "/MIFS/repository/HTTP/ERROR/",
		"HTTP_NO_TRANSMISSION_ERROR" : "/MIFS/repository/HTTP/NO_TRANSMISSION"

	},
	"typeThread" : "FIBERS", /** FIBES,TASKS ou SYNCHRONOUS - Forma como leituras e escritas sao disparadas **/
	"typeRead" : "BYTE_BUFFER", /** JAVA_API,FILE_UTILS,BYTE_BUFFER - Forma como e realizada a leitura de arquivos **/
	"typeWrite" : "FILE_UTILS", /** JAVA_API,FILE_UTILS,BYTE_BUFFER - Forma como e realizada a escrita de arquivos **/
	"threadsTasksInit" : 1, /** Numero inicial do pool de Threads para paralelisar a escrita **/
	"threadsTasksMax" : 10, /** Numero maximo do pool de Threads para paralelisar a escrita **/
	"threadsTasksQueue" : 1024, /** Numero da fila de tasks do pool de Threads para paralelisar a escrita **/
	"delayScheduller" : 360000, /** Tempo em milisegundos para rodas o scheduller de limpeza do cache estatico de arquivos lidos  **/
	"transactionTimeCache" : 360000, /** Tempo maximo que um arquivo lido fica no cache da transacao **/
	"fileSystemTimeCache" : 360000, /** Tempo maximo que um arquivo lido fica no cache do modulo do atlante **/
	"logDebug" : true,
	"logInfo" : true,
	"autoCommit" : false /** Possibilita escrever o arquivo antes do commit **/ 
}
