{
	"id" : "atlante-http-output-processor-config",
	"batch" : false, /* Determina que as insercoes e atualizacoes das respostas das requisicoes HTTP realizadas pelo atlante serao realizadas em lote" */
	"pathLogDirectory" : "/MIFS/data-logger/http/post-processor", /* Diretorio onde sera gerado os arquivos contendo os conteudos a serrem inseridos/atualizados */
	"prefixFileName" : "http-post-processor", /* Prefixo dos arquivos gerados */
	"minimalTimeForRemoveEmptyFiles" : 300000, /* Tempo minimo necessario para remocao de arquivos vazios quando o modulo inicializa */
	"schedulerConsumerInSeconds" : 30, /* Tempo em que o scheduler para insercao/atualizacao dos registros no banco de dados */
	"parallelWriters" : 5, /* Quantidade escritores de arquivos abertos para escrita */
	"maxChannelsPerWrite" : 2, /* Quantidade de maxima de canais por escritores */
	"bufferSize" : 8192, /* buffer inicial do escritor */
	"maxWrites" : 1000, /* quantidade maxima de registros por arquivo */
	"removeAfterMaxWritesConsumed" : true /* Remove os arquivos apos detectar que todos os registros escritos ja foram consumidos*/
}