[
	{
		"id" : "atlante-transaction-config-ear",
		"enabled" : true,
		"type" : "JTA",
		"plataform" : "JBOSS",
		"modules" : [ "worker","channel-transmitter-http","channel-transmitter-mq","channel-transmitter-ft","processor-ft","processor-mq","channel-receiver-js","atlante-viewer" ]
	},
	{
		"id" : "atlante-transaction-config-app",
		"enabled" : true,
		"type" : "JTA",
		"plataform" : "ATOMIKOS",
		"modules" : ["atlante-client","atlante-tester-spock","atlante-tester-server"],
		"userTransactionProperties" : {
			"userTransactionBean" : "atomikosUserTransaction",
			"transactionManagerBean" : "atomikosTransactionManager",
			"output.directory" : "/MIFS/transactions/atomikos/#{atlanteModuleData.name()}/#{systemProperties['PID']}",
			"logs.directory" : "/MIFS/transactions/atomikos/#{atlanteModuleData.name()}/#{systemProperties['PID']}",
			"uniqueName" : "#{systemProperties['tm_unique_name']}",
			"timeOut" : "1800" /** Tempo em segundos **/
		}
	},
	{
		"id" : "atlante-transaction-config-ear-chained",
		"enabled" : false,
		"type" : "CHAINED",
		"plataform" : "JBOSS",
		"chainedTransactionsBeans" : [
			"atlanteDataSource",
			"jmsConnectionFactory"
		],
		"useFiber" : "false"
	}
]