[
	{
        	"id" : "atlante-data-source-config-ear",
	        "enabled" : true,
	        "jndiAtlanteDataSourceDefault" : "jdbc/ATL_SYS",
	        "jndisAtlanteDataSource" : {
	                "atlanteDataSource1" : "jdbc/ATL_SYS"
	        },
	        "modules" : [ "worker","channel-transmitter-http","channel-transmitter-mq","channel-transmitter-ft","processor-ft","processor-mq","channel-receiver-js" ]
	},
	{
	        "id" : "atlante-data-source-config-viewer",
	        "enabled" : true,
	        "jndiAtlanteDataSourceDefault" : "jdbc/ATL_EVT",
	        "modules" : [
	        	"atlante-viewer"
	        ]
	},
	{
	       	"id" : "atlante-data-source-config-atl-sh",
	        "enabled" : true,
	        "modules" : [ "atlante-client","atlante-tester-spock","atlante-tester-server"],
	        "classAtlanteDataSourceDefault" : "br.org.cipbancos.atlante.datasource.xa.AtlanteAtomikosDataSourceBean",
	        "dataSourceProperties" : {
				"jdbc.driver" : "org.postgresql.Driver",
				"jdbc.driver.xa" : "org.postgresql.xa.PGXADataSource",
				"jdbc.host" : "dbpostgres",
				"jdbc.port" : "5432",
				"jdbc.database" : "atlante",
				"jdbc.username" : "postgres",
				"jdbc.password" : "postgres",
				"jdbc.schema" : "rrc_atl",
				"jdbc.uniqueResourceName" : "jdbc/ATL_SYS",
				"jdbc.defaultIsolationLevel" : "1",
				"jdbc.driverType" : "4",
				"jdbc.retrieveMessagesFromServerOnGetMessage" : "true",
				"jdbc.minPoolSize" : "1",
				"jdbc.maxPoolSize" : "8"
	        }
	}
]
