{
	"id" : "atlante-mq-config",
	"defaultConnectionFactoryJNDI" : "jms/QM.ATLANTE.01",
	"wrapperConnectionFactoryClass" : null,/** "br.org.cipbancos.atlante.cf.wrapper.IBMMQConnectionFactoryWrapperWithoutXA"**/
	"defaultId" : "ibmMQProperties",
	"connectionProperties" : [
		{
			"id": "ibmMQProperties",
			"product" : "IBMMQ",
			"hostname": "ibmmq",
			"port": 1414,
			"username": "mqm",
			"password": "mqm",
			"extraProperties": {
				"queueManager": "QM.R2C3",
				"connectionMode" : "MQ",
				"channel": "SYSTEM.DEF.SVRCONN",
				"transportType": 1,
				"searchTimeLimit": 2880,
				"nodes": "0,1,2,3,4,5,6,7"
			}
		},
		{
			"id": "artemisProperties",
			"product" : "ARTEMIS",
			"hostname": "artemis",
			"port": "61616",
			"username": "artemis",
			"password": "artemis"
		}
	]
}