{
	"id" : "centralizadora-config",
	"ispbCentralizadora": 22222222,
	"enableMapaDeServicos": true,
	"domain": "MES01",
	"ispbs" : ["23399607","31345107"],
	"servicodsIdToFunction": {
		"AUTENTICACAO"                      :"OAUTH_LOGIN",
		"INFORME_CONTESTACAO"               :"INTP012",
		"NOTIFICACAO_ANUENCIA"              :"INTP011",
		"NOTIFICACAO_EVENTO_POS_CONTRATADA" :"INTP006",
		"NOTIFICACAO_EVENTO_RECEBIVEL"  	:"INTP011",
		"REJEICAO_AGENDA"                   :"INTP002",
		"RESPOSTA_CANCELAMENTO_CONTRATO"    :"INTP014",
		"RESPOSTA_EFEITO_CONTRATO"      	:"INTP008",
		"RESPOSTA_POSICAO_AGENDA_ONLINE"	:"INTP005",
		"SOLICITACAO_AGENDA_ONLINE"     	:"INTP010",
		"SOLICITACAO_CANCELAMENTO_CONTRATO" :"INTP013",
		"SOLICITACAO_EFEITO_CONTRATO"   	:"INTP007",
		"ENVIO_AGENDA_BATCH"            	:"INTP004",
		"NOTIFICACAO_PENHORA" 				:"INTP001"
	}
}