[{
  "id": "http-content-config-gzip",
  "ignoreUris": [],
  "requiredUris": [],
  "optionalUris": ["/*"]
},
{
  "id" : "http-content-config-jws-configuration",
  "ignoreUris": ["/oauth/token", "/notificacao/*", "/agenda", "/agenda/*", "/contrato", "/contrato/*", "/api/opt", "/api/ec/*", "/contestacao", "/api/credor/*", "/api/ic/*", "/api/er/*", "/api/ec-ic", "/api/ec-ic/*"],
  "requiredUris" : [],
  "optionalUris" : ["/v1/ferramentas/eco"]
},
{
  "id" : "atlante-oauth-token-config",
  "urisLogin" : ["/oauth/token"],
  "ignoreUris": [],
  "requiredUris" : ["/notificacao/*", "/agenda", "/agenda/*", "/contrato", "/contrato/*", "/api/opt", "/api/opt/*", "/api/ec/*", "/api/ec", "/api/credor", ",/api/credor/*", "/api/ic", "/api/ic/*", "/api/er/*", "/api/ec-ic", "/api/ec-ic/*"],
  "optionalUris" : [],
  "algorithm" : "RSA256",
  "timeOut" : 7200000,
  "loginSchedulerDelay" : 20000,
  "timeZoneMs" : 3600000,
  "timeOutLimitForNewLogin" : 60000,
  "emailToOnErrorLoginInParticipante" : null,
  "emailFrom" : "r2c3@cip-bancos.org.br",
  "emailSubject_Part1" : "CIP - Client Credentials - Oauth ${clientId}",
  "emailBody_Part1" : "Este email e para informar os dados de Client-ID ${clientId} e Client-Secret ${clientSecret} que foi gerado para o participante ${partyId} [${partyName}] e CNPJ ${cnpjCredenciadora} e ${contactList}",
  "emailSignature_Part1" : "Atenciosamente",
  "emailSubject_Part2" : "CIP - Client Credentials - Oauth ${clientId}",
  "emailBody_Part2" : "Este email e para informar os dados de Client-ID ${clientId} e Client-Secret ${clientSecret} que foi gerado para o participante ${partyId} [${partyName}] e CNPJ ${cnpjCredenciadora} e ${contactList}",
  "emailSignature_Part2" : "Atenciosamente",
  "emailSubject_Full" : "CIP - Client Credentials - Oauth ${clientId}",
  "emailBody_Full" : "Este email e para informar os dados de Client-ID ${clientId} e Client-Secret ${clientSecret} que foi gerado para o participante ${partyId} [${partyName}] e CNPJ ${cnpjCredenciadora} e ${contactList}",
  "emailSignature_Full" : "Atenciosamente",
  "printEmail" : true
},
{
  "id" : "error-code-to-http-status-map",
  "items": {
    "ERRC0013": 400,
    "ERRC0079": 400,
    "EGEN0001": 412,
    "EGEN0011": 412,
    "EGEN0012": 412,
    "EGEN0013": 412,
    "EGEN0017": 412,
    "EGEN0019": 412,
    "EGEN0023": 412,
    "EGEN0034": 412,
    "EGEN0037": 412,
    "EGEN1009": 412
  }
}
]