{
  "refreshTimeout": 0,
  "configSourceType": "JSON_FILE",
  "determineLastUpdateByResources": true,
  "parameters": [
    {
      "parameterName": "configParties",
      "parameterValue": "./transmitter-http/party-http-config",
      "global": false,
      "usedByConfigType": "JSON_FILE",
      "enable": false
    },
    {
      "parameterName": "templateMessageInput",
      "parameterValue": "./transmitter-http/HttpResponse.xml",
      "global": false,
      "usedByConfigType": "XML_FILE",
      "enable": true
    },
    {
      "parameterName": "globalConfig",
      "parameterValue": "./transmitter-http/global-party-config.json",
      "global": true,
      "usedByConfigType": "JSON_FILE",
      "enable": true
    }
  ],
  "enabled": false
}
