{
  "id": "data-type-splitter-configuration",
  "splitterItens": {
    "RRC0003": {
      "spliterHandlerClass": "br.org.cipbancos.atlante.spb.multipart.SPBSimpleSplitterHandler",
      "itensConfig": [
        {
          "itemTag": "Grupo_RRC0003_OpOrigem",
          "innerTags": null
        },
        {
          "itemTag": "Grupo_RRC0003_Titlar",
          "innerTags": [
            {
              "itemTag": "Grupo_RRC0003_DomclBanc",
              "innerTags": [
                {
                  "itemTag": "Grupo_RRC0003_RegRecbvl",
                  "innerTags": null
                },
                {
                  "itemTag": "Grupo_RRC0003_Constitr",
                  "innerTags": null
                }
              ]
            }
          ]
        }
      ]
    },
    "RRC0009": {
      "spliterHandlerClass": "br.org.cipbancos.atlante.spb.multipart.SPBSimpleSplitterHandler",
      "itensConfig": [
        {
          "itemTag": "Grupo_RRC0009_CesAutd",
          "innerTags": null
        },
        {
          "itemTag": "Grupo_RRC0009_RenegcDiv",
          "innerTags": null
        },
        {
          "itemTag": "Grupo_RRC0009_Titlar",
          "required": true,
          "innerTags": [
            {
              "itemTag": "Grupo_RRC0009_DomclBanc",
              "required": true,
              "innerTags": [
                {
                  "itemTag": "Grupo_RRC0009_RegRecbvl",
                  "innerTags": null
                },
                {
                  "itemTag": "Grupo_RRC0009_Constitr",
                  "innerTags": null
                }
              ]
            }
          ]
        }
      ]
    },
    "RRC0008R1": {
      "spliterHandlerClass": "br.org.cipbancos.atlante.spb.multipart.SPBSimpleSplitterHandler",
      "itensConfig": [
        {
          "itemTag": "Grupo_RRC0008R1_NegcRecbvl",
          "innerTags": [
            {
              "itemTag": "Grupo_RRC0008R1_OpOrigem",
              "innerTags": null
            },
            {
              "itemTag": "Grupo_RRC0008R1_Titlar",
              "innerTags": [
                {
                  "itemTag": "Grupo_RRC0008R1_DomclBanc",
                  "innerTags": [
                    {
                      "itemTag": "Grupo_RRC0008R1_RegRecbvl",
                      "innerTags": null
                    },
                    {
                      "itemTag": "Grupo_RRC0008R1_Constitr",
                      "innerTags": null
                    }
                  ]
                }
              ]
            }
          ]
        }
      ]
    },
    "RRC0019R1": {
      "spliterHandlerClass": "br.org.cipbancos.atlante.spb.multipart.SPBSimpleSplitterHandler",
      "itensConfig": [
        {
          "itemTag": "Grupo_RRC0019R1_NegcRecbvlActo",
          "innerTags": [
            {
              "itemTag": "Grupo_RRC0019R1_RegRecbvl",
              "innerTags": null
            },
            {
              "itemTag": "Grupo_RRC0019R1_Constitr",
              "innerTags": null
            }
          ]
        },
        {
          "itemTag": "Grupo_RRC0019R1_NegcRecbvlRecsdo",
          "innerTags": [
            {
              "itemTag": "Grupo_RRC0019R1_UniddRecbvlDisp",
              "innerTags": null
            }
          ]
        }
      ]
    },
    "RRC0005R1": {
      "spliterHandlerClass": "br.org.cipbancos.atlante.spb.multipart.SPBSimpleSplitterHandler",
      "itensConfig": [
        {
          "itemTag": "Grupo_RRC0005R1_NegcRecbvlActo",
          "innerTags": [
            {
              "itemTag": "Grupo_RRC0005R1_RegRecbvl",
              "innerTags": null
            },
            {
              "itemTag": "Grupo_RRC0005R1_Constitr",
              "innerTags": null
            }
          ]
        },
        {
          "itemTag": "Grupo_RRC0005R1_NegcRecbvlRecsdo",
          "innerTags": [
            {
              "itemTag": "Grupo_RRC0005R1_UniddRecbvlDisp",
              "innerTags": null
            }
          ]
        }
      ]
    },
    "RRC0010R1": {
      "spliterHandlerClass": "br.org.cipbancos.atlante.spb.multipart.SPBSimpleSplitterHandler",
      "itensConfig": [
        {
          "itemTag": "Grupo_RRC0010R1_CreddrSub",
          "innerTags": [
            {
              "itemTag": "Grupo_RRC0010R1_ArrajPgto",
              "innerTags": [
                {
                  "itemTag": "Grupo_RRC0010R1_UsuFinalRecbdr",
                  "innerTags": [
                    {
                      "itemTag": "Grupo_RRC0010R1_UniddRecbvl",
                      "innerTags": [
                        {
                          "itemTag": "Grupo_RRC0010_Titlar",
                          "required": true,
                          "innerTags": [
                            {
                              "itemTag": "Grupo_RRC0010R1_DomclBancInst",
                              "innerTags": [
                                {
                                  "itemTag": "Grupo_RRC0010R1_NegcRecbvlInst",
                                  "innerTags": null
                                }
                              ]
                            },
                            {
                              "itemTag": "Grupo_RRC0010R1_NegcRecbvOutrasInst",
                              "innerTags": [
                                {
                                  "itemTag": "Grupo_RRC0010R1_NegcRecbvlInst",
                                  "innerTags": null
                                }
                              ]
                            }
                          ]
                        }
                      ]
                    }
                  ]
                },
                {
                  "itemTag": "Grupo_RRC0010R1_UsuFinalRecbdr",
                  "innerTags": [
                    {
                      "itemTag": "Grupo_RRC0010R1_UniddRecbvl",
                      "innerTags": [
                        {
                          "itemTag": "Grupo_RRC0010R1_DomclBancInst",
                          "innerTags": [
                            {
                              "itemTag": "Grupo_RRC0010R1_NegcRecbvlInst",
                              "innerTags": null
                            }
                          ]
                        },
                        {
                          "itemTag": "Grupo_RRC0010R1_NegcRecbvOutrasInst",
                          "innerTags": [
                            {
                              "itemTag": "Grupo_RRC0010R1_NegcRecbvlInst",
                              "innerTags": null
                            }
                          ]
                        }
                      ]
                    }
                  ]
                }
              ]
            }
          ]
        },
        {
          "itemTag": "Grupo_RRC0019R1_NegcRecbvlRecsdo",
          "innerTags": [
            {
              "itemTag": "Grupo_RRC0019R1_UniddRecbvlDisp",
              "innerTags": null
            }
          ]
        }
      ]
    },
    "RRC0021R1": {
      "spliterHandlerClass": "br.org.cipbancos.atlante.spb.multipart.SPBSimpleSplitterHandler",
      "itensConfig": [
        {
          "itemTag": "Grupo_RRC0021R1_NegcRecbvl",
          "innerTags": [
            {
              "itemTag": "Grupo_RRC0021R1_CesAutd",
              "innerTags": null
            },
            {
              "itemTag": "Grupo_RRC0021R1_RenegcDiv",
              "innerTags": null
            },
            {
              "itemTag": "Grupo_RRC0021R1_Titlar",
              "required": true,
              "innerTags": [
                {
                  "itemTag": "Grupo_RRC0021R1_DomclBanc",
                  "innerTags": [
                    {
                      "itemTag": "Grupo_RRC0021R1_RegRecbvl",
                      "innerTags": null
                    },
                    {
                      "itemTag": "Grupo_RRC0021R1_Constitr",
                      "innerTags": null
                    }
                  ]
                }
              ]
            }
          ]
        }
      ]
    }
  }
}
