{
  "itemConfig": [
    {
      "dominio": "MES01",
      "contextPath": "",
      "sleepRetry": 1000,
      "canRetransmit": true,
      "reexecuteActionOnRetransmission": false,
      "ssl": false,
      "timeout": 10000,
      "maxRetries": 2,
      "maxRecords": 1,
      "logicalHttpHeadersRequired": [],
      "businessHttpHeadersRequired": [],
      "headerPhysicalName": {},
      "action": {
        "action2": {
          "action": "DO_NOTHING",
          "parameters": {
            "RESPONSE_BODY_AWARE": true
          },
          "statusCode": 200
        }
      }
    }
  ]
}