<?xml version="1.0"?>
<DOC xmlns="http://www.cip-bancos.org.br/Atlante/HttpResponse.xsd">
    <BCMSG>
		<IdentdEmissor>#PARTY_ID#</IdentdEmissor>
		<IdentdDestinatario>#PARTY_ID#</IdentdDestinatario>
		<DomSist>#DOMSIST#</DomSist>
        <NUOp>#NUOP#</NUOp>
    </BCMSG>
	<SISMSG>
		<HttpResponse>
			<CodMsg>#MENSAGEM#</CodMsg>
			<ISPBEmissor>#PARTY_ID#</ISPBEmissor>
			<ISPBDestinatario>#PARTY_ID#</ISPBDestinatario>
			<HttpResponseDataSerialize>#DATA_SERIALIZE#</HttpResponseDataSerialize>
		</HttpResponse>
	</SISMSG>
</DOC>