<?xml version="1.0" encoding="UTF-8"?>
<beans xmlns="http://www.springframework.org/schema/beans"
       xmlns:xsi="http://www.w3.org/2001/XMLSchema-instance"
       xmlns:context="http://www.springframework.org/schema/context"
       xmlns:jee="http://www.springframework.org/schema/jee"
       xsi:schemaLocation="http://www.springframework.org/schema/beans http://www.springframework.org/schema/beans/spring-beans-3.2.xsd
						   http://www.springframework.org/schema/jee http://www.springframework.org/schema/jee/spring-jee-3.2.xsd
                           http://www.springframework.org/schema/context http://www.springframework.org/schema/context/spring-context.xsd">

    <context:annotation-config/>
    <context:component-scan base-package="br.org.cipbancos.rrc.oauth"/>
    <context:component-scan base-package="br.org.cip.arche.commons"/>

    <!-- PARA VALIDACAO DO PATH VARIABLE DEVE-SE DEFINIR ESTE BEAN NA APLICACAO DO ATLANTE -->
    <!--<bean name="methodValidationPostProcessor" class="org.springframework.validation.beanvalidation.MethodValidationPostProcessor"/>-->
    <bean name="methodValidationPostProcessor" class="br.org.cipbancos.atlante.bean.validation.AtlanteMethodValidationPostProcessor" />

    <bean id="txManager" class="org.springframework.transaction.jta.JtaTransactionManager" />

    <bean id="requiresNewTransactionTemplate" class="org.springframework.transaction.support.TransactionTemplate">
        <constructor-arg ref="txManager"/>
        <property name="propagationBehaviorName" value="PROPAGATION_REQUIRES_NEW"/>
    </bean>

    <!-- Importa contexto do R2C3 -->
    <import resource="app-context-r2c3.xml"/>
    <import resource="file:${atlante.config.path}/r2c3-data-sources-config.xml"/>
    <import resource="application-cache-admin.xml" />

</beans>