<?xml version="1.0" encoding="UTF-8"?>
<beans xmlns="http://www.springframework.org/schema/beans"
       xmlns:p="http://www.springframework.org/schema/p"
       xmlns:xsi="http://www.w3.org/2001/XMLSchema-instance"
       xsi:schemaLocation="http://www.springframework.org/schema/beans http://www.springframework.org/schema/beans/spring-beans.xsd">

    <!-- =========================================================================================================== -->
    <!-- Caches Admin                                                                                                -->
    <!-- =========================================================================================================== -->

    <bean id="adesaoCacheAdmin" class="br.org.cipbancos.atlante.fw.jmx.CacheAdmin"
          p:cacheName="adesaoCache" p:cacheManager="#{r2c3CacheManager}"/>
    
    <bean id="participanteCacheAdmin" class="br.org.cipbancos.atlante.fw.jmx.CacheAdmin"
          p:cacheName="participanteCache" p:cacheManager="#{r2c3CacheManager}"/>
    
    <bean id="arranjoCacheAdmin" class="br.org.cipbancos.atlante.fw.jmx.CacheAdmin"
          p:cacheName="arranjoCache" p:cacheManager="#{r2c3CacheManager}"/>

    <bean id="credoresCacheAdmin" class="br.org.cipbancos.atlante.fw.jmx.CacheAdmin"
          p:cacheName="credoresCache" p:cacheManager="#{r2c3CacheManager}"/>

    <bean id="interopCacheAdmin" class="br.org.cipbancos.atlante.fw.jmx.CacheAdmin"
          p:cacheName="interopCache" p:cacheManager="#{r2c3CacheManager}"/>
    
    <bean id="parametroCacheAdmin" class="br.org.cipbancos.atlante.fw.jmx.CacheAdmin"
          p:cacheName="parametroCache" p:cacheManager="#{r2c3CacheManager}"/>

    <bean id="funcionalidadeCacheAdmin" class="br.org.cipbancos.atlante.fw.jmx.CacheAdmin"
          p:cacheName="funcionalidadeCache" p:cacheManager="#{r2c3CacheManager}"/>


    <bean id="feriadoCacheAdmin" class="br.org.cipbancos.atlante.fw.jmx.CacheAdmin"
          p:cacheName="feriadoCache" p:cacheManager="#{r2c3CacheManager}"/>

    <bean id="estabComercListCacheAdmin" class="br.org.cipbancos.atlante.fw.jmx.CacheAdmin"
          p:cacheName="estabComercList" p:cacheManager="#{r2c3CacheManager}"/>

    <bean id="participantesSLCCacheAdmin" class="br.org.cipbancos.atlante.fw.jmx.CacheAdmin"
          p:cacheName="participantesSLC" p:cacheManager="#{r2c3CacheManager}"/>


    <bean id="dominioDinamicoCacheAdmin" class="br.org.cipbancos.atlante.fw.jmx.CacheAdmin"
          p:cacheName="dominioDinamicoCache" p:cacheManager="#{r2c3CacheManager}"/>


    <!-- =========================================================================================================== -->
    <!-- JMX Naming strategy                                                                                         -->
    <!-- =========================================================================================================== -->

    <bean id="namingStrategy" class="br.org.cipbancos.atlante.fw.jmx.SimpleNamingStrategy">
        <property name="domainName" value="${module.name}"/>
    </bean>

    <!-- =========================================================================================================== -->
    <!-- Exporta MBeans para administrar os MessageListenerContainer                                                 -->
    <!-- =========================================================================================================== -->

    <bean id="messageListenerContainerMBeanExporter"
          class="br.org.cipbancos.atlante.fw.jmx.MessageListenerContainerMBeanExporter">
        <property name="namingStrategy" ref="namingStrategy"/>
    </bean>

    <!-- =========================================================================================================== -->
    <!-- Exporta MBeans com anotacoes                                                                                -->
    <!-- =========================================================================================================== -->

    <bean id="mbeanExporter" class="org.springframework.jmx.export.MBeanExporter">
        <property name="autodetect" value="true"/>
        <property name="assembler" ref="assembler"/>
        <property name="namingStrategy" ref="namingStrategy"/>
    </bean>

    <bean id="assembler" class="org.springframework.jmx.export.assembler.MetadataMBeanInfoAssembler">
        <property name="attributeSource" ref="attributeSource"/>
    </bean>

    <bean id="attributeSource" class="org.springframework.jmx.export.annotation.AnnotationJmxAttributeSource"/>




</beans>

