<?xml version="1.0" encoding="UTF-8"?>

<configuration>

    <!--
    <logger name="br.com.cipbancos">
        <level value="WARN"/>
    </logger>
    <logger name="br.org.cipbancos.rrc.dao">
        <level value="INFO"/>
    </logger>
    <logger name="br.org.cipbancos.rrc.negocio">
        <level value="INFO"/>
    </logger>
    <logger name="br.org.cipbancos.rrc.interop">
        <level value="INFO"/>
    </logger>
    <logger name="br.org.cipbancos.rrc.handler">
        <level value="INFO"/>
    </logger>
    <logger name="br.org.cipbancos.rrc">
        <level value="INFO"/>
    </logger>
    <logger name="org.springframework.cache">
        <level value="WARN"/>
    </logger>
    -->

    <appender name="RECALCULO" class="ch.qos.logback.core.rolling.RollingFileAppender">
        <file>/tmp/log/recalculo.log</file>
        <encoder class="ch.qos.logback.classic.encoder.PatternLayoutEncoder">
            <Pattern>
                %d{yyyy-MM-dd HH:mm:ss} [%thread] %-5level %logger{36} - %msg%n
            </Pattern>
        </encoder>
        <rollingPolicy class="ch.qos.logback.core.rolling.TimeBasedRollingPolicy">
            <!-- rollover daily -->
            <fileNamePattern>/tmp/log/archived/recalc.%d{yyyy-MM-dd}.%i.log
            </fileNamePattern>
            <timeBasedFileNamingAndTriggeringPolicy class="ch.qos.logback.core.rolling.SizeAndTimeBasedFNATP">
                <maxFileSize>10MB</maxFileSize>
            </timeBasedFileNamingAndTriggeringPolicy>
        </rollingPolicy>
    </appender>

<!--    <appender name="RECALCULO_ERROS" class="ch.qos.logback.core.rolling.RollingFileAppender">-->
<!--        <file>/tmp/log/recalc-error.log</file>-->
<!--        <encoder class="ch.qos.logback.classic.encoder.PatternLayoutEncoder">-->
<!--            <Pattern>-->
<!--                %d{yyyy-MM-dd HH:mm:ss} [%thread] %-5level %logger{36} - %msg%n-->
<!--            </Pattern>-->
<!--        </encoder>-->
<!--        <rollingPolicy class="ch.qos.logback.core.rolling.TimeBasedRollingPolicy">-->
<!--            &lt;!&ndash; rollover daily &ndash;&gt;-->
<!--            <fileNamePattern>/tmp/log/archived/recalc-error.%d{yyyy-MM-dd}.%i.log-->
<!--            </fileNamePattern>-->
<!--            <timeBasedFileNamingAndTriggeringPolicy class="ch.qos.logback.core.rolling.SizeAndTimeBasedFNATP">-->
<!--                <maxFileSize>10MB</maxFileSize>-->
<!--            </timeBasedFileNamingAndTriggeringPolicy>-->
<!--        </rollingPolicy>-->
<!--    </appender>-->


    <logger name="br.org.cipbancos.rrc.handler.recalculo">
        <level value="INFO"/>
        <appender-ref ref="RECALCULO" />
    </logger>
    <logger name="br.org.cipbancos.rrc.handler.recalcpart">
        <level value="INFO"/>
        <appender-ref ref="RECALCULO" />
    </logger>

<!--    <logger name="br.org.cipbancos.rrc.handler.recalculo">-->
<!--        <level value="ERROR"/>-->
<!--        <appender-ref ref="RECALCULO_ERROS" />-->
<!--    </logger>-->

    <logger name="br.org.cipbancos.rrc.handler.intp007">
        <level value="INFO"/>
    </logger>

    <logger name="br.org.cipbancos.atlante">
        <level value="WARN"/>
    </logger>

    <logger name="br.org.cipbancos.rrc">
        <level value="WARN"/>
    </logger>
</configuration>
